EmployeeID,EmployeeLevel,TenureYears,ProductGroup,Country,WorkLocation,TeamSize,PerformanceRating,SatisfactionScore
640923,1,2,GroupA,United States,hybrid,5,1.0,4
361082,2,5,GroupA,United States,onsite,6,3.0,1
469343,4,11,GroupA,United States,onsite,6,1.0,3
894537,1,2,GroupA,India,remote,5,3.0,4
144044,1,1,GroupA,Canada,remote,5,,5
669176,1,2,GroupC,India,onsite,20,2.0,1
330449,1,7,GroupB,Canada,remote,4,5.0,3
965351,2,1,GroupB,United States,remote,3,,2
688353,2,7,GroupA,Canada,hybrid,3,2.0,4
372283,1,2,GroupC,United States,onsite,13,3.0,3
482343,1,1,GroupA,India,onsite,4,,5
925278,1,1,GroupC,India,onsite,2,,5
212904,2,3,GroupA,United States,remote,8,5.0,5
265634,2,2,GroupD,United States,remote,2,3.0,5
332958,2,2,GroupB,United States,hybrid,6,2.0,2
990700,1,3,GroupC,United States,hybrid,18,4.0,4
767270,2,7,GroupA,Canada,remote,3,5.0,2
861486,1,3,GroupB,Canada,hybrid,5,4.0,2
797938,1,5,GroupA,United States,hybrid,3,1.0,2
970420,1,6,GroupA,United States,remote,17,3.0,4
846433,2,4,GroupA,India,hybrid,6,3.0,5
891908,1,1,GroupB,United States,hybrid,8,,5
244507,2,2,GroupA,India,hybrid,8,3.0,5
415788,1,4,GroupA,India,hybrid,4,4.0,3
191809,1,4,GroupA,India,hybrid,1,2.0,4
446759,3,8,GroupA,Canada,hybrid,2,1.0,4
807665,1,1,GroupA,United States,remote,3,,4
460890,1,2,GroupA,India,onsite,5,4.0,5
647136,1,7,GroupB,Canada,remote,11,1.0,5
932721,1,3,GroupC,United States,onsite,14,2.0,2
838882,2,8,GroupB,United States,hybrid,8,3.0,3
184353,2,4,GroupA,Canada,hybrid,8,4.0,2
259539,2,2,GroupA,United States,remote,5,4.0,4
426524,1,5,GroupB,United States,remote,1,3.0,5
620866,2,2,GroupA,United States,hybrid,10,5.0,5
757186,1,2,GroupA,Canada,remote,4,1.0,4
899069,4,7,GroupA,Canada,hybrid,10,5.0,5
705233,2,1,GroupB,United States,remote,4,,4
673812,1,1,GroupB,Canada,remote,1,,5
348408,1,2,GroupA,India,onsite,1,4.0,5
863105,1,4,GroupC,United States,onsite,13,2.0,2
446653,2,5,GroupC,India,onsite,14,2.0,1
457470,1,5,GroupA,United States,onsite,4,3.0,1
182598,4,1,GroupC,United States,hybrid,12,,1
726198,1,2,GroupD,United States,remote,10,4.0,4
678221,1,1,GroupA,Canada,remote,4,,5
693620,1,1,GroupA,India,hybrid,2,,3
266697,1,2,GroupC,United States,onsite,14,1.0,1
671235,2,6,GroupA,United States,hybrid,1,3.0,1
471787,1,1,GroupA,Canada,hybrid,5,,5
200113,1,3,GroupC,United States,hybrid,12,3.0,4
503381,1,2,GroupA,United States,onsite,3,3.0,3
415958,2,3,GroupA,Canada,remote,5,2.0,5
931885,3,5,GroupC,India,hybrid,14,4.0,4
806311,1,5,GroupC,United States,onsite,11,1.0,1
540383,3,8,GroupC,United States,onsite,12,4.0,1
809048,3,4,GroupA,India,onsite,12,3.0,3
350317,4,4,GroupB,United States,hybrid,16,2.0,5
803442,1,5,GroupD,United States,hybrid,3,3.0,3
636338,2,8,GroupA,India,remote,6,5.0,3
185525,2,10,GroupC,United States,onsite,8,2.0,2
299367,1,2,GroupB,Canada,onsite,2,3.0,3
114631,3,5,GroupA,India,hybrid,19,1.0,4
804271,1,2,GroupA,United States,hybrid,8,1.0,4
632689,1,3,GroupB,Canada,onsite,3,2.0,4
736936,1,1,GroupA,United States,remote,17,,3
734436,2,2,GroupC,United States,hybrid,12,4.0,2
790855,1,3,GroupA,United States,hybrid,5,5.0,4
406736,3,1,GroupA,United States,onsite,9,,5
330763,2,4,GroupB,United States,hybrid,18,5.0,2
977479,1,2,GroupC,United States,onsite,14,3.0,2
101595,1,4,GroupA,Canada,hybrid,4,5.0,3
113845,2,3,GroupB,Canada,hybrid,9,3.0,1
925071,1,2,GroupB,United States,hybrid,6,4.0,4
813649,1,3,GroupA,United States,hybrid,7,2.0,2
643323,1,1,GroupB,United States,hybrid,3,,2
272900,3,5,GroupA,United States,onsite,10,4.0,4
996981,1,2,GroupC,United States,onsite,14,2.0,1
304111,1,1,GroupA,Canada,remote,6,,3
354553,3,6,GroupB,Canada,hybrid,6,3.0,4
637208,1,4,GroupB,United States,remote,8,2.0,1
475935,3,3,GroupA,United States,onsite,7,3.0,4
719051,2,3,GroupA,United States,remote,9,2.0,2
150785,3,7,GroupC,United States,onsite,13,1.0,3
604055,2,4,GroupD,United States,hybrid,4,3.0,5
908753,2,1,GroupA,United States,hybrid,4,,5
869396,2,6,GroupB,United States,hybrid,5,4.0,4
600130,1,2,GroupA,United States,remote,16,2.0,2
485038,4,4,GroupA,United States,hybrid,6,3.0,4
617482,3,6,GroupA,India,remote,10,4.0,4
779102,1,2,GroupB,United States,hybrid,5,5.0,5
193108,2,1,GroupB,Canada,remote,10,,5
129939,2,1,GroupA,United States,remote,6,,4
258685,2,3,GroupA,Canada,remote,4,5.0,5
314367,1,2,GroupB,United States,hybrid,6,1.0,3
302734,4,5,GroupA,India,hybrid,6,5.0,3
125303,1,1,GroupC,India,onsite,13,,4
247691,3,3,GroupD,United States,hybrid,1,4.0,5
738751,3,9,GroupC,United States,onsite,9,3.0,1
652951,3,4,GroupB,United States,onsite,7,4.0,2
435121,1,3,GroupA,Canada,hybrid,2,4.0,4
865752,1,2,GroupA,United States,onsite,15,4.0,4
171818,2,2,GroupA,United States,onsite,3,5.0,4
815609,1,2,GroupC,United States,hybrid,9,4.0,5
532139,2,3,GroupA,India,hybrid,5,3.0,4
189779,2,4,GroupA,Canada,hybrid,6,3.0,5
695749,1,2,GroupB,United States,hybrid,6,5.0,1
833780,1,7,GroupB,Canada,hybrid,5,3.0,2
765420,1,2,GroupA,Canada,onsite,14,5.0,5
582881,1,1,GroupD,United States,hybrid,3,,4
429442,1,3,GroupB,Canada,hybrid,7,3.0,3
275542,1,4,GroupA,Canada,hybrid,14,4.0,2
159941,4,4,GroupA,United States,hybrid,3,5.0,4
640773,1,5,GroupA,United States,remote,5,2.0,5
898181,1,2,GroupB,Canada,hybrid,14,2.0,1
433699,2,1,GroupA,Canada,remote,5,,5
954035,1,4,GroupC,United States,onsite,9,4.0,3
597029,3,6,GroupA,Canada,remote,5,2.0,3
684286,1,2,GroupA,India,hybrid,8,5.0,5
352403,1,2,GroupC,United States,onsite,7,1.0,3
662585,1,3,GroupC,India,onsite,12,1.0,2
728183,1,1,GroupA,India,hybrid,6,,5
678914,2,1,GroupC,United States,onsite,14,,2
599849,2,1,GroupA,United States,onsite,7,,5
336891,2,3,GroupA,India,hybrid,5,5.0,4
635271,1,1,GroupA,India,hybrid,17,,3
458940,4,4,GroupA,United States,hybrid,3,2.0,5
747966,1,1,GroupD,United States,hybrid,6,,4
796085,3,8,GroupB,United States,onsite,8,4.0,2
285351,1,2,GroupC,India,onsite,9,2.0,1
948005,2,6,GroupB,United States,remote,16,5.0,3
327042,1,4,GroupA,United States,remote,12,4.0,1
947768,2,4,GroupB,United States,onsite,6,4.0,5
347629,2,1,GroupB,United States,hybrid,6,,1
911442,2,4,GroupA,United States,remote,6,4.0,1
789491,3,4,GroupA,Canada,remote,7,4.0,3
161189,1,1,GroupB,Canada,hybrid,7,,5
680076,3,6,GroupA,United States,remote,2,4.0,2
636180,1,2,GroupB,United States,onsite,3,3.0,2
818743,1,6,GroupB,Canada,hybrid,5,3.0,3
920003,1,1,GroupA,United States,hybrid,7,,2
642698,3,5,GroupA,India,onsite,7,2.0,4
342233,2,6,GroupB,United States,remote,10,1.0,4
502789,2,2,GroupC,United States,onsite,10,4.0,2
671692,2,1,GroupA,United States,remote,5,,3
286549,1,3,GroupC,India,onsite,9,3.0,3
268357,3,13,GroupB,Canada,hybrid,10,1.0,4
791818,3,6,GroupA,United States,remote,8,2.0,4
652431,2,5,GroupB,Canada,onsite,4,4.0,2
117362,1,3,GroupC,India,onsite,13,1.0,3
507211,2,1,GroupB,Canada,hybrid,3,,4
936695,1,1,GroupA,Canada,remote,3,,4
695637,1,4,GroupA,India,hybrid,9,5.0,3
987331,1,2,GroupA,Canada,hybrid,6,4.0,3
248590,2,3,GroupC,India,hybrid,14,2.0,2
819439,2,4,GroupB,United States,hybrid,2,4.0,4
277045,1,1,GroupC,United States,onsite,10,,3
353838,1,1,GroupC,India,onsite,10,,2
734229,3,6,GroupC,India,onsite,8,3.0,1
620748,2,3,GroupB,Canada,hybrid,12,5.0,5
279637,1,1,GroupC,United States,onsite,5,,1
820600,2,6,GroupA,Canada,remote,5,5.0,5
969022,2,2,GroupB,United States,remote,4,4.0,3
894659,1,1,GroupC,United States,onsite,16,,1
634414,2,2,GroupC,India,onsite,9,2.0,1
738353,3,9,GroupC,India,onsite,14,1.0,1
288191,2,2,GroupC,United States,onsite,14,4.0,1
936826,1,2,GroupA,United States,hybrid,5,5.0,4
570379,2,8,GroupB,Canada,remote,7,2.0,1
319402,1,1,GroupB,United States,remote,8,,4
244526,1,2,GroupB,Canada,hybrid,7,4.0,5
392092,1,1,GroupD,United States,remote,1,,4
399203,1,2,GroupA,India,remote,6,5.0,5
283096,2,3,GroupA,United States,remote,5,4.0,3
835921,2,8,GroupA,United States,hybrid,6,4.0,2
238922,4,6,GroupB,United States,onsite,1,5.0,3
313531,2,1,GroupA,Canada,hybrid,3,,4
242720,1,1,GroupC,India,onsite,12,,3
644848,1,3,GroupA,United States,hybrid,6,4.0,4
155106,1,1,GroupA,India,hybrid,8,,2
311397,1,2,GroupB,Canada,remote,6,5.0,4
758845,2,6,GroupB,United States,hybrid,7,1.0,1
834860,4,5,GroupA,United States,hybrid,8,5.0,3
841311,2,4,GroupB,United States,hybrid,9,2.0,2
763895,1,1,GroupA,United States,hybrid,8,,5
605502,1,3,GroupA,Canada,hybrid,6,2.0,5
221036,1,1,GroupA,India,hybrid,5,,5
351962,1,1,GroupA,United States,remote,3,,5
733374,2,2,GroupC,United States,onsite,12,3.0,2
165283,1,2,GroupB,Canada,hybrid,5,2.0,5
841859,1,2,GroupA,Canada,hybrid,3,4.0,4
392548,3,8,GroupA,United States,hybrid,10,3.0,4
973589,1,2,GroupA,Canada,hybrid,5,5.0,5
505083,1,1,GroupA,Canada,remote,5,,3
710334,2,1,GroupC,United States,onsite,11,,2
447930,1,2,GroupC,India,onsite,6,3.0,4
301891,3,6,GroupB,Canada,remote,4,4.0,5
646769,2,2,GroupB,United States,hybrid,3,4.0,5
814298,3,6,GroupC,United States,onsite,11,4.0,1
327187,1,4,GroupB,Canada,hybrid,7,4.0,4
652300,2,1,GroupA,Canada,hybrid,9,,4
808587,3,4,GroupA,India,remote,4,3.0,4
572974,1,6,GroupB,United States,hybrid,5,2.0,3
861464,1,4,GroupA,Canada,hybrid,7,4.0,4
127033,1,4,GroupC,India,onsite,13,5.0,4
249748,3,3,GroupD,United States,remote,5,2.0,4
165437,2,4,GroupA,United States,remote,5,5.0,3
232543,1,3,GroupB,United States,remote,5,3.0,3
917182,2,1,GroupA,United States,hybrid,5,,4
688072,2,3,GroupA,India,hybrid,5,5.0,4
866424,1,6,GroupA,India,hybrid,5,3.0,4
225262,2,3,GroupC,India,onsite,14,1.0,3
311415,1,4,GroupA,Canada,hybrid,4,2.0,4
520680,3,5,GroupB,United States,onsite,5,5.0,5
129146,1,1,GroupA,United States,remote,4,,5
876297,3,6,GroupC,United States,onsite,14,2.0,1
156629,4,9,GroupA,United States,hybrid,9,4.0,3
848281,1,5,GroupA,United States,remote,10,4.0,3
752220,1,7,GroupA,United States,remote,17,2.0,2
330831,2,2,GroupA,India,remote,5,1.0,4
210421,4,3,GroupA,India,remote,7,2.0,4
578368,1,1,GroupA,Canada,onsite,16,,5
552903,1,1,GroupD,United States,hybrid,6,,5
585447,1,2,GroupA,United States,hybrid,5,3.0,5
785843,4,1,GroupA,India,onsite,5,,4
552304,1,2,GroupA,United States,hybrid,8,1.0,4
645085,3,3,GroupA,United States,remote,6,5.0,4
686796,1,3,GroupC,India,onsite,14,3.0,3
548046,2,6,GroupB,United States,onsite,5,3.0,2
132179,1,2,GroupC,United States,onsite,14,1.0,1
844635,1,2,GroupA,Canada,hybrid,15,5.0,4
530759,2,5,GroupA,United States,remote,4,4.0,4
466128,1,1,GroupC,India,onsite,12,,3
914135,4,9,GroupC,United States,onsite,13,1.0,1
473093,3,4,GroupB,Canada,onsite,4,4.0,2
137173,1,3,GroupA,India,hybrid,3,1.0,1
668547,1,1,GroupC,United States,onsite,14,,1
407677,3,5,GroupA,United States,hybrid,8,3.0,3
651465,1,2,GroupA,United States,onsite,7,3.0,5
165213,2,2,GroupA,India,onsite,4,5.0,5
878894,3,9,GroupA,India,hybrid,18,5.0,3
958491,3,5,GroupC,India,onsite,14,3.0,3
978430,3,5,GroupA,United States,remote,6,5.0,4
196083,2,4,GroupA,United States,hybrid,4,4.0,4
876458,2,3,GroupB,Canada,remote,2,1.0,3
547077,1,3,GroupA,India,onsite,7,3.0,3
570332,2,1,GroupA,India,hybrid,2,,2
188663,2,4,GroupA,Canada,hybrid,7,2.0,3
494882,1,1,GroupC,United States,onsite,13,,2
756107,2,5,GroupC,United States,onsite,13,2.0,4
330192,2,1,GroupB,United States,onsite,12,,4
557216,1,1,GroupB,Canada,remote,9,,5
267289,2,3,GroupA,United States,hybrid,1,1.0,2
349757,1,1,GroupA,India,hybrid,3,,3
245222,2,6,GroupC,India,onsite,16,4.0,1
166989,1,1,GroupC,India,onsite,4,,1
285562,3,8,GroupA,United States,remote,7,1.0,3
595639,1,3,GroupA,United States,hybrid,7,3.0,3
200417,3,7,GroupA,United States,remote,12,4.0,4
835392,1,7,GroupA,United States,onsite,7,3.0,5
268523,1,2,GroupC,United States,onsite,15,1.0,1
927366,2,6,GroupD,United States,hybrid,10,3.0,4
435601,1,1,GroupA,United States,remote,6,,5
131598,1,6,GroupA,Canada,hybrid,7,1.0,3
985775,2,1,GroupA,United States,hybrid,7,,4
777094,1,1,GroupA,India,onsite,7,,2
917255,2,3,GroupA,India,onsite,5,3.0,5
956973,2,5,GroupA,India,hybrid,10,4.0,2
563354,1,3,GroupA,United States,onsite,5,4.0,4
815684,1,2,GroupA,India,hybrid,5,3.0,5
527895,1,6,GroupA,United States,onsite,7,3.0,1
254100,3,1,GroupB,United States,hybrid,3,,2
320504,4,5,GroupB,United States,remote,8,3.0,4
108469,1,1,GroupA,India,remote,7,,1
555750,3,4,GroupA,United States,onsite,9,5.0,4
521457,1,3,GroupB,United States,onsite,4,3.0,4
913410,1,3,GroupB,United States,hybrid,5,4.0,5
540644,1,2,GroupB,United States,hybrid,7,2.0,5
203560,2,2,GroupC,United States,hybrid,12,3.0,2
188782,2,13,GroupB,Canada,hybrid,5,2.0,3
784472,3,7,GroupA,Canada,remote,5,4.0,4
919403,1,2,GroupC,India,onsite,6,2.0,2
927979,1,2,GroupB,Canada,remote,14,4.0,3
128097,1,2,GroupA,India,remote,2,5.0,3
850472,1,1,GroupB,Canada,onsite,11,,3
733660,3,7,GroupC,United States,onsite,9,3.0,2
100539,2,2,GroupB,Canada,hybrid,5,4.0,4
371747,1,1,GroupA,Canada,hybrid,6,,3
512411,2,3,GroupD,United States,hybrid,3,5.0,5
206430,1,6,GroupB,United States,hybrid,4,3.0,1
964546,1,2,GroupA,United States,hybrid,5,2.0,4
867473,1,1,GroupA,India,remote,6,,5
388445,1,2,GroupC,India,onsite,12,3.0,4
729616,1,3,GroupA,United States,remote,5,5.0,5
337424,2,6,GroupB,United States,hybrid,4,3.0,1
142400,1,2,GroupB,United States,hybrid,5,5.0,3
716453,1,4,GroupB,United States,onsite,6,4.0,5
248955,4,5,GroupA,Canada,remote,3,2.0,2
658660,1,4,GroupB,United States,onsite,5,4.0,4
243554,1,1,GroupA,United States,hybrid,6,,4
824117,1,6,GroupA,Canada,onsite,3,4.0,4
216668,3,16,GroupD,United States,remote,4,5.0,2
373641,1,1,GroupB,Canada,onsite,6,,3
170951,1,4,GroupA,Canada,hybrid,4,5.0,3
943464,2,9,GroupC,India,onsite,12,2.0,2
904623,1,4,GroupB,Canada,onsite,3,2.0,2
829120,1,2,GroupA,India,hybrid,9,5.0,4
393012,1,1,GroupC,India,onsite,11,,1
241120,1,2,GroupA,United States,onsite,6,3.0,5
492661,1,1,GroupB,United States,hybrid,3,,4
400660,1,2,GroupB,Canada,hybrid,9,3.0,2
190136,2,1,GroupA,United States,onsite,6,,1
498577,2,6,GroupA,Canada,hybrid,3,3.0,3
706865,2,3,GroupC,United States,onsite,8,1.0,1
269218,3,4,GroupB,United States,onsite,6,3.0,2
409532,1,4,GroupA,Canada,remote,10,5.0,2
807264,1,5,GroupA,Canada,hybrid,1,4.0,5
693382,1,2,GroupC,United States,onsite,15,1.0,2
274569,2,3,GroupB,Canada,hybrid,10,4.0,3
839426,2,5,GroupC,India,onsite,11,2.0,2
354365,3,5,GroupB,United States,hybrid,8,5.0,3
662209,1,3,GroupD,United States,hybrid,1,5.0,4
269821,1,2,GroupA,India,onsite,8,3.0,5
541273,1,2,GroupA,United States,hybrid,10,1.0,2
242166,1,3,GroupA,India,remote,6,3.0,3
604490,1,1,GroupC,India,onsite,11,,3
741488,2,9,GroupA,India,remote,4,5.0,3
244701,2,4,GroupC,India,onsite,14,5.0,3
524870,1,2,GroupA,United States,onsite,4,4.0,5
301479,2,2,GroupA,United States,remote,4,4.0,4
433719,1,3,GroupA,India,hybrid,10,1.0,2
959571,1,6,GroupD,United States,hybrid,8,5.0,3
110448,1,2,GroupA,India,hybrid,4,3.0,5
687007,3,18,GroupB,Canada,hybrid,9,5.0,3
838679,1,1,GroupA,Canada,onsite,14,,3
357776,1,1,GroupC,United States,onsite,9,,3
513234,1,2,GroupA,India,onsite,8,4.0,5
939735,1,2,GroupA,United States,onsite,8,5.0,4
472103,1,2,GroupA,India,hybrid,2,1.0,3
436247,1,1,GroupA,Canada,remote,9,,5
870091,4,4,GroupA,Canada,onsite,8,4.0,4
425480,1,4,GroupA,United States,onsite,6,2.0,4
544233,1,4,GroupA,Canada,onsite,5,2.0,4
655939,2,4,GroupA,Canada,remote,1,3.0,4
309050,1,2,GroupC,India,hybrid,9,2.0,2
224497,2,1,GroupD,United States,hybrid,10,,5
248790,1,2,GroupA,Canada,hybrid,4,4.0,5
991786,1,1,GroupB,Canada,hybrid,5,,4
844855,1,7,GroupA,Canada,onsite,7,4.0,4
969167,2,1,GroupC,India,onsite,10,,2
291469,1,1,GroupA,India,onsite,2,,2
920331,1,2,GroupA,United States,remote,7,2.0,4
806504,2,9,GroupB,United States,remote,1,4.0,3
570904,2,2,GroupC,United States,onsite,13,1.0,3
797928,1,3,GroupC,India,onsite,10,4.0,3
549073,1,2,GroupA,United States,onsite,4,3.0,3
697145,1,7,GroupA,United States,hybrid,4,1.0,1
102882,1,2,GroupB,Canada,remote,5,3.0,5
502702,1,1,GroupA,Canada,hybrid,3,,1
793328,1,1,GroupB,United States,onsite,6,,5
422835,1,1,GroupC,United States,onsite,12,,1
820262,1,7,GroupB,United States,remote,6,5.0,4
474500,3,7,GroupA,India,hybrid,5,5.0,3
638899,2,2,GroupC,United States,onsite,15,5.0,3
560069,1,4,GroupA,India,remote,4,4.0,1
667088,2,9,GroupC,United States,onsite,12,3.0,2
835033,3,4,GroupA,Canada,onsite,3,3.0,2
495556,3,2,GroupB,United States,hybrid,4,5.0,4
339825,1,1,GroupA,Canada,hybrid,3,,5
473873,1,3,GroupB,United States,remote,1,1.0,4
270768,2,5,GroupC,United States,onsite,12,4.0,2
827380,2,8,GroupA,Canada,hybrid,4,2.0,2
981285,1,2,GroupB,United States,remote,14,4.0,5
637289,1,3,GroupA,India,hybrid,6,5.0,5
597743,2,9,GroupB,Canada,hybrid,5,5.0,5
845608,1,2,GroupA,India,hybrid,11,4.0,3
544404,1,3,GroupA,United States,hybrid,5,4.0,5
845296,2,2,GroupA,Canada,onsite,3,4.0,4
559470,2,4,GroupA,United States,remote,6,2.0,5
805862,4,9,GroupD,United States,remote,2,4.0,2
334879,1,2,GroupA,United States,remote,7,3.0,5
511721,2,5,GroupC,United States,onsite,9,1.0,1
801974,2,1,GroupA,Canada,hybrid,5,,3
455200,1,1,GroupC,India,hybrid,11,,5
437190,1,6,GroupB,Canada,hybrid,5,1.0,5
954030,3,4,GroupC,India,onsite,16,3.0,5
837515,2,4,GroupA,United States,hybrid,1,2.0,4
587397,2,2,GroupB,Canada,remote,3,3.0,3
421030,1,2,GroupC,United States,onsite,9,2.0,4
152212,2,2,GroupA,Canada,hybrid,8,4.0,4
864056,1,1,GroupA,United States,hybrid,8,,1
231961,1,2,GroupB,United States,onsite,1,4.0,5
260591,1,4,GroupB,United States,onsite,10,3.0,5
922586,1,2,GroupC,United States,hybrid,14,2.0,2
961909,1,1,GroupA,United States,remote,1,,4
578652,2,7,GroupC,India,onsite,10,4.0,3
211841,1,3,GroupC,United States,onsite,12,5.0,1
758661,3,4,GroupC,United States,onsite,10,2.0,2
522721,1,3,GroupA,India,remote,5,2.0,3
100387,2,3,GroupA,United States,remote,6,5.0,5
508458,1,3,GroupC,United States,onsite,14,4.0,2
755678,1,1,GroupA,United States,remote,4,,5
927189,1,3,GroupC,India,onsite,4,1.0,2
132633,1,1,GroupB,Canada,remote,8,,4
919534,2,6,GroupA,Canada,hybrid,3,4.0,4
576303,1,1,GroupA,Canada,remote,10,,4
673862,4,7,GroupB,United States,onsite,4,4.0,3
258726,1,1,GroupB,United States,hybrid,2,,4
403734,1,5,GroupD,United States,remote,1,3.0,4
522753,3,4,GroupB,United States,onsite,3,3.0,1
116027,1,3,GroupA,India,hybrid,6,5.0,2
138159,1,4,GroupB,United States,hybrid,5,4.0,3
602512,3,3,GroupB,United States,hybrid,4,1.0,3
282207,2,2,GroupD,United States,remote,1,5.0,3
250616,2,6,GroupA,Canada,hybrid,4,5.0,1
430641,2,5,GroupB,United States,remote,5,2.0,3
487193,1,2,GroupC,United States,onsite,12,2.0,2
462199,2,3,GroupC,United States,hybrid,12,1.0,5
941318,1,1,GroupA,Canada,remote,6,,2
225509,2,3,GroupA,India,onsite,5,3.0,5
811121,1,1,GroupB,Canada,hybrid,5,,3
883327,1,1,GroupC,India,onsite,13,,1
340713,1,2,GroupA,United States,hybrid,8,5.0,5
997247,2,2,GroupC,United States,onsite,14,2.0,1
703408,1,1,GroupA,United States,hybrid,5,,4
350206,1,1,GroupA,India,hybrid,4,,4
185526,2,1,GroupB,United States,hybrid,3,,4
371819,1,3,GroupB,United States,hybrid,6,5.0,2
966060,1,1,GroupA,Canada,remote,12,,3
534867,2,5,GroupA,Canada,hybrid,5,4.0,2
326192,2,3,GroupA,United States,hybrid,3,2.0,3
985440,1,2,GroupC,India,onsite,14,5.0,1
929962,1,2,GroupA,India,remote,4,4.0,4
779896,1,1,GroupA,India,hybrid,6,,5
729965,2,4,GroupA,India,hybrid,6,5.0,3
114966,1,1,GroupC,India,onsite,13,,4
746985,3,4,GroupA,India,onsite,6,5.0,3
652007,2,1,GroupA,United States,remote,5,,4
750120,2,3,GroupA,United States,onsite,5,5.0,5
652419,1,2,GroupB,United States,hybrid,6,3.0,4
283711,2,6,GroupA,Canada,hybrid,5,3.0,2
793636,3,5,GroupB,United States,hybrid,5,4.0,2
904929,1,1,GroupB,Canada,hybrid,1,,4
346667,1,2,GroupA,Canada,hybrid,11,4.0,3
427940,3,1,GroupC,United States,onsite,17,,1
839574,1,3,GroupD,United States,remote,1,3.0,4
832517,1,1,GroupC,United States,onsite,14,,1
221508,1,1,GroupC,United States,onsite,16,,1
934306,1,3,GroupC,India,onsite,9,4.0,2
449317,1,2,GroupA,India,hybrid,1,4.0,5
729485,2,10,GroupB,Canada,hybrid,11,5.0,3
845904,3,5,GroupA,United States,hybrid,6,5.0,4
792931,1,2,GroupA,United States,hybrid,3,5.0,3
535303,1,4,GroupB,United States,hybrid,7,1.0,3
917957,1,2,GroupA,Canada,remote,6,2.0,2
971526,2,6,GroupB,United States,remote,5,2.0,4
271820,1,2,GroupB,Canada,hybrid,3,5.0,3
226372,2,2,GroupA,United States,hybrid,3,4.0,2
282879,2,5,GroupB,United States,onsite,6,3.0,4
710999,2,7,GroupA,India,hybrid,12,4.0,4
655193,2,6,GroupB,United States,remote,4,4.0,4
674033,3,4,GroupA,Canada,hybrid,10,1.0,4
801505,1,1,GroupC,United States,onsite,13,,1
942346,2,4,GroupD,United States,remote,4,3.0,3
816203,1,5,GroupB,Canada,hybrid,5,4.0,3
733253,1,2,GroupA,Canada,onsite,1,3.0,3
901879,1,2,GroupA,India,hybrid,11,5.0,5
209834,3,3,GroupC,India,onsite,18,1.0,4
926871,1,2,GroupB,Canada,hybrid,5,3.0,4
806114,1,1,GroupD,United States,remote,6,,4
974349,3,9,GroupA,India,remote,4,4.0,1
199758,1,2,GroupA,United States,remote,15,4.0,2
213392,1,1,GroupA,India,remote,2,,3
142884,2,1,GroupC,United States,onsite,4,,4
538542,2,1,GroupA,United States,hybrid,11,,5
505466,3,5,GroupA,Canada,hybrid,6,4.0,5
235142,2,1,GroupC,United States,onsite,14,,4
382624,2,3,GroupC,India,onsite,8,2.0,5
168398,2,4,GroupA,Canada,hybrid,8,1.0,3
927680,1,3,GroupA,India,remote,9,5.0,4
199830,2,2,GroupB,United States,remote,14,5.0,4
615855,2,6,GroupA,Canada,hybrid,6,5.0,4
401762,1,3,GroupB,Canada,onsite,5,3.0,4
465953,1,3,GroupB,United States,hybrid,5,2.0,1
593763,1,2,GroupC,India,onsite,12,4.0,2
994287,1,3,GroupD,United States,remote,1,4.0,5
452119,1,2,GroupB,United States,onsite,10,2.0,4
716660,3,2,GroupB,United States,remote,7,2.0,4
110995,1,1,GroupA,India,onsite,5,,1
593702,2,1,GroupC,United States,onsite,11,,3
200367,1,1,GroupB,Canada,hybrid,4,,5
914054,2,2,GroupC,United States,onsite,3,1.0,1
857641,1,2,GroupA,Canada,hybrid,5,4.0,5
353429,1,5,GroupA,United States,hybrid,5,2.0,2
860668,2,1,GroupB,United States,hybrid,5,,4
737542,2,2,GroupC,India,onsite,2,3.0,5
929131,1,3,GroupB,United States,remote,9,2.0,4
145815,1,2,GroupA,United States,hybrid,2,3.0,5
855219,1,3,GroupC,India,hybrid,11,2.0,5
902525,3,2,GroupB,United States,hybrid,4,4.0,5
317940,1,2,GroupB,United States,hybrid,5,5.0,4
562626,1,1,GroupA,United States,onsite,7,,3
864884,3,7,GroupA,Canada,hybrid,3,5.0,4
198722,1,4,GroupA,Canada,remote,3,4.0,5
795418,4,5,GroupB,United States,remote,12,4.0,4
448009,1,3,GroupA,Canada,onsite,6,4.0,4
956014,1,3,GroupA,Canada,onsite,15,3.0,5
470632,3,13,GroupB,Canada,remote,1,2.0,1
607191,1,1,GroupB,Canada,hybrid,8,,4
184007,4,5,GroupB,United States,onsite,10,3.0,5
226701,3,8,GroupD,United States,hybrid,6,4.0,5
981471,4,16,GroupB,United States,remote,5,5.0,2
434229,1,4,GroupA,United States,hybrid,5,2.0,4
725083,3,7,GroupA,Canada,hybrid,13,4.0,4
844982,4,11,GroupA,India,hybrid,4,1.0,4
193299,3,5,GroupA,United States,remote,6,5.0,5
524212,1,3,GroupC,United States,onsite,10,3.0,1
661424,2,1,GroupB,United States,hybrid,5,,1
923182,2,8,GroupD,United States,remote,1,5.0,5
801273,1,4,GroupB,United States,onsite,5,3.0,4
271499,2,1,GroupC,United States,onsite,15,,2
397491,3,12,GroupA,India,remote,8,4.0,4
594234,3,6,GroupA,Canada,onsite,3,2.0,4
566985,2,2,GroupA,United States,hybrid,20,5.0,1
231355,1,3,GroupA,United States,remote,3,3.0,1
973826,2,2,GroupB,United States,onsite,7,2.0,5
366214,1,3,GroupA,Canada,remote,14,3.0,5
237382,1,3,GroupA,United States,hybrid,11,1.0,5
254653,3,7,GroupA,India,hybrid,5,3.0,1
572449,1,1,GroupB,Canada,hybrid,2,,5
990674,1,2,GroupA,India,remote,9,4.0,3
985080,1,1,GroupC,United States,onsite,12,,1
121210,2,2,GroupA,United States,onsite,6,4.0,5
144146,2,1,GroupD,United States,remote,9,,3
431791,3,4,GroupA,Canada,hybrid,2,4.0,5
552917,1,2,GroupC,India,onsite,12,1.0,2
134574,3,11,GroupA,United States,hybrid,5,4.0,2
382250,1,4,GroupA,Canada,onsite,1,4.0,4
228668,2,4,GroupA,Canada,onsite,4,2.0,2
517782,1,2,GroupB,Canada,remote,4,3.0,5
972205,2,6,GroupC,India,onsite,5,1.0,2
391933,1,7,GroupA,United States,remote,5,5.0,4
841380,1,1,GroupC,United States,onsite,12,,1
511084,1,3,GroupC,India,onsite,8,2.0,3
758555,1,1,GroupB,United States,hybrid,7,,5
410783,3,5,GroupC,India,onsite,12,3.0,3
181706,1,4,GroupA,United States,onsite,5,3.0,3
236417,1,4,GroupA,Canada,remote,5,3.0,3
318287,3,5,GroupB,United States,onsite,18,4.0,1
171757,2,1,GroupD,United States,remote,2,,5
290053,1,4,GroupB,United States,hybrid,6,3.0,4
980562,2,1,GroupA,India,hybrid,9,,5
363121,3,7,GroupC,India,onsite,8,1.0,1
285925,1,1,GroupB,United States,onsite,6,,3
780014,1,3,GroupB,Canada,onsite,4,2.0,1
901474,3,5,GroupA,Canada,hybrid,3,2.0,1
427216,2,6,GroupA,Canada,hybrid,5,3.0,3
180890,2,12,GroupA,United States,hybrid,6,4.0,2
589571,2,6,GroupC,United States,onsite,9,1.0,1
642957,2,4,GroupB,United States,remote,5,3.0,3
948546,3,6,GroupA,United States,hybrid,4,2.0,3
121654,1,2,GroupA,United States,hybrid,5,3.0,3
233333,2,10,GroupA,India,hybrid,7,4.0,3
228550,2,1,GroupC,India,onsite,9,,2
472306,2,1,GroupB,Canada,hybrid,4,,5
373590,3,4,GroupD,United States,remote,3,5.0,3
685478,3,8,GroupA,India,remote,9,2.0,1
158224,2,4,GroupA,India,hybrid,14,4.0,2
842529,4,10,GroupC,United States,onsite,13,3.0,1
141994,3,6,GroupB,Canada,remote,8,1.0,5
263752,1,1,GroupB,United States,onsite,6,,5
796688,1,4,GroupB,United States,remote,12,3.0,5
385206,1,6,GroupB,Canada,remote,7,4.0,4
419713,2,6,GroupC,India,onsite,16,3.0,2
202309,1,1,GroupA,United States,hybrid,8,,5
632614,1,1,GroupB,United States,remote,5,,5
605232,3,10,GroupA,India,remote,9,4.0,3
180684,1,6,GroupC,United States,onsite,10,2.0,5
661308,1,2,GroupA,Canada,hybrid,1,4.0,4
535328,1,4,GroupC,India,hybrid,15,1.0,1
440261,1,1,GroupA,India,remote,2,,5
990750,1,4,GroupA,United States,hybrid,9,5.0,1
987472,1,4,GroupC,India,onsite,9,1.0,2
782395,1,1,GroupA,United States,onsite,3,,5
362105,2,2,GroupC,United States,onsite,10,4.0,1
593986,1,3,GroupA,India,onsite,2,2.0,4
624553,1,2,GroupA,Canada,hybrid,2,5.0,4
446474,2,2,GroupA,United States,hybrid,5,5.0,3
125471,2,2,GroupA,India,hybrid,1,3.0,3
976813,3,8,GroupA,India,hybrid,6,4.0,1
126514,2,5,GroupB,Canada,hybrid,7,4.0,4
862419,3,4,GroupA,Canada,hybrid,8,5.0,4
524993,3,1,GroupB,United States,remote,5,,3
554477,4,8,GroupA,United States,hybrid,4,2.0,3
655252,2,2,GroupB,United States,hybrid,7,5.0,3
432447,4,6,GroupB,United States,remote,3,5.0,4
307586,1,5,GroupD,United States,hybrid,3,4.0,1
263742,1,2,GroupC,United States,onsite,8,4.0,1
609655,3,5,GroupB,United States,hybrid,3,2.0,5
740567,1,3,GroupB,Canada,hybrid,6,4.0,5
479817,1,1,GroupA,Canada,hybrid,11,,3
633807,1,2,GroupC,United States,onsite,11,4.0,2
494410,3,6,GroupA,India,hybrid,4,5.0,5
712034,2,3,GroupB,United States,hybrid,15,4.0,5
449604,1,4,GroupA,India,remote,7,5.0,2
502749,2,2,GroupB,United States,remote,10,4.0,5
609532,4,10,GroupC,United States,onsite,19,2.0,3
261495,2,2,GroupC,India,onsite,13,2.0,3
363039,2,4,GroupA,Canada,hybrid,2,5.0,3
709868,1,1,GroupA,United States,onsite,6,,5
707341,1,1,GroupA,United States,remote,5,,5
184276,3,5,GroupC,United States,onsite,10,3.0,3
173658,2,2,GroupA,India,hybrid,5,4.0,4
444529,1,3,GroupC,United States,onsite,14,2.0,5
686781,3,5,GroupC,United States,onsite,15,3.0,1
311300,2,2,GroupB,United States,hybrid,2,5.0,4
604545,1,2,GroupC,India,onsite,8,1.0,4
711835,3,5,GroupD,United States,hybrid,7,3.0,4
610070,1,1,GroupA,India,onsite,3,,4
976147,3,10,GroupA,Canada,remote,9,3.0,3
100265,1,2,GroupA,Canada,hybrid,3,4.0,4
926957,4,9,GroupB,Canada,remote,9,3.0,5
867022,1,3,GroupB,United States,remote,5,4.0,5
461442,2,9,GroupA,United States,remote,6,4.0,4
526249,2,10,GroupA,India,remote,11,4.0,2
301421,3,5,GroupC,United States,onsite,7,5.0,3
506865,1,4,GroupA,Canada,hybrid,3,5.0,3
732147,2,14,GroupB,Canada,hybrid,11,1.0,4
143976,3,8,GroupC,United States,onsite,11,2.0,1
887850,2,10,GroupC,India,hybrid,7,1.0,3
360858,3,6,GroupA,India,hybrid,5,5.0,2
769445,1,2,GroupA,United States,onsite,5,2.0,2
660434,2,1,GroupC,United States,onsite,11,,3
177324,1,4,GroupB,Canada,hybrid,6,4.0,3
746108,2,1,GroupA,United States,onsite,4,,2
413760,1,3,GroupA,Canada,onsite,2,3.0,5
632475,1,3,GroupC,United States,onsite,12,3.0,4
598173,2,1,GroupB,United States,hybrid,4,,5
547674,1,2,GroupA,Canada,hybrid,5,5.0,5
191986,2,5,GroupA,India,remote,9,3.0,1
401026,2,1,GroupA,United States,onsite,5,,5
511492,1,1,GroupA,United States,onsite,3,,3
695465,4,5,GroupC,United States,onsite,14,3.0,2
297981,3,7,GroupA,United States,onsite,4,5.0,1
163147,1,1,GroupA,Canada,remote,3,,5
558454,2,3,GroupA,Canada,hybrid,9,5.0,4
474314,1,1,GroupA,United States,hybrid,11,,2
737911,1,3,GroupA,United States,onsite,6,3.0,1
310031,1,4,GroupA,Canada,hybrid,4,5.0,3
845162,1,1,GroupA,India,remote,3,,3
262641,2,4,GroupC,United States,onsite,11,3.0,2
348153,1,2,GroupC,United States,onsite,15,4.0,2
909463,3,4,GroupA,United States,hybrid,3,5.0,2
534758,1,2,GroupA,India,hybrid,7,2.0,5
398805,2,6,GroupA,India,remote,8,5.0,4
763932,1,2,GroupC,India,onsite,16,1.0,2
108232,2,4,GroupA,United States,remote,6,4.0,4
143196,3,6,GroupA,Canada,remote,5,1.0,5
294385,2,2,GroupA,India,remote,6,5.0,4
929735,2,11,GroupA,India,hybrid,5,4.0,2
499677,1,2,GroupA,United States,remote,4,5.0,5
513969,1,5,GroupB,United States,hybrid,6,3.0,5
296758,1,1,GroupA,Canada,hybrid,8,,5
813302,2,5,GroupA,India,hybrid,5,2.0,3
180357,3,7,GroupA,India,hybrid,4,1.0,5
403595,1,1,GroupA,United States,remote,3,,3
645705,2,9,GroupB,United States,onsite,5,3.0,3
659256,1,2,GroupD,United States,remote,8,2.0,5
701863,1,1,GroupC,United States,onsite,12,,1
774201,1,2,GroupB,United States,remote,5,4.0,5
358782,1,2,GroupD,United States,remote,4,4.0,4
488119,2,2,GroupA,India,hybrid,9,1.0,1
289077,1,4,GroupC,India,onsite,10,4.0,4
996870,2,1,GroupC,United States,onsite,11,,2
815438,1,2,GroupA,Canada,onsite,7,2.0,4
985611,1,1,GroupC,United States,onsite,13,,1
230466,3,15,GroupB,Canada,hybrid,6,2.0,4
399618,2,3,GroupC,United States,onsite,14,2.0,2
527925,3,9,GroupB,United States,remote,8,4.0,5
819634,1,2,GroupB,United States,remote,10,4.0,4
122056,3,5,GroupA,United States,remote,5,3.0,4
882249,2,1,GroupB,United States,onsite,5,,5
407559,3,8,GroupA,India,hybrid,6,3.0,1
418231,2,3,GroupB,United States,hybrid,10,4.0,5
683155,1,6,GroupA,United States,hybrid,20,4.0,3
209251,1,2,GroupB,United States,hybrid,3,4.0,4
370732,2,6,GroupC,India,onsite,14,4.0,1
731140,2,10,GroupC,India,onsite,11,1.0,5
567837,3,7,GroupB,Canada,onsite,3,1.0,4
508436,1,2,GroupD,United States,remote,1,2.0,4
362864,1,3,GroupD,United States,hybrid,4,4.0,5
759356,1,4,GroupA,India,hybrid,3,5.0,4
534010,1,2,GroupA,India,hybrid,5,5.0,5
910920,4,12,GroupB,Canada,onsite,5,5.0,3
430466,1,1,GroupA,United States,hybrid,3,,2
954713,1,1,GroupC,United States,onsite,8,,4
836104,1,3,GroupC,United States,onsite,13,2.0,1
817143,2,2,GroupA,India,hybrid,8,5.0,5
721825,4,1,GroupB,United States,onsite,7,,3
806261,2,1,GroupA,Canada,remote,4,,5
659028,2,1,GroupA,United States,hybrid,3,,4
537276,1,6,GroupA,United States,remote,3,4.0,1
417133,1,2,GroupB,United States,hybrid,4,5.0,4
409837,1,2,GroupA,India,remote,4,5.0,5
819049,2,3,GroupA,United States,remote,5,1.0,5
760025,3,5,GroupA,United States,hybrid,5,4.0,2
970469,4,12,GroupB,United States,hybrid,5,1.0,3
600414,2,3,GroupC,India,onsite,13,1.0,3
229287,1,2,GroupC,United States,hybrid,12,2.0,1
204147,2,8,GroupA,Canada,onsite,3,2.0,3
515775,1,3,GroupC,United States,hybrid,10,2.0,3
136814,1,2,GroupA,United States,hybrid,7,5.0,3
898153,2,2,GroupB,Canada,hybrid,5,3.0,1
566781,1,3,GroupC,India,onsite,17,4.0,1
657187,2,1,GroupA,India,hybrid,2,,4
825946,1,4,GroupA,Canada,hybrid,8,4.0,5
978244,2,2,GroupA,Canada,remote,18,5.0,4
532251,1,1,GroupA,United States,hybrid,16,,3
757905,1,3,GroupC,India,onsite,12,4.0,1
512930,3,4,GroupC,United States,onsite,12,1.0,3
462542,1,4,GroupB,Canada,remote,8,5.0,3
738126,1,4,GroupA,United States,hybrid,4,1.0,4
387716,3,5,GroupC,United States,onsite,9,4.0,1
425859,2,8,GroupA,United States,hybrid,6,4.0,1
594760,1,3,GroupB,Canada,hybrid,1,4.0,2
855063,4,4,GroupB,United States,remote,3,1.0,4
489647,3,7,GroupA,United States,remote,4,2.0,4
367911,1,2,GroupB,United States,hybrid,4,2.0,1
249492,2,1,GroupA,India,hybrid,1,,3
597401,3,16,GroupA,India,onsite,4,4.0,3
614095,1,1,GroupA,India,remote,12,,5
697967,4,10,GroupD,United States,hybrid,4,5.0,2
629992,1,4,GroupA,United States,remote,14,4.0,4
712919,2,3,GroupA,India,remote,6,5.0,3
766237,1,3,GroupA,United States,onsite,8,4.0,5
704846,2,8,GroupA,United States,hybrid,7,2.0,3
817829,1,2,GroupB,Canada,hybrid,4,1.0,4
943893,1,4,GroupC,United States,onsite,13,2.0,3
109329,2,5,GroupD,United States,remote,1,5.0,4
826791,1,3,GroupA,United States,remote,8,5.0,2
979049,2,12,GroupA,United States,hybrid,3,3.0,3
641325,2,10,GroupC,India,onsite,16,3.0,2
468260,2,2,GroupA,United States,hybrid,5,5.0,5
507599,3,19,GroupA,India,hybrid,6,4.0,1
145657,1,2,GroupA,India,onsite,8,3.0,1
792175,3,5,GroupC,United States,hybrid,11,1.0,1
870097,3,6,GroupB,United States,remote,5,2.0,1
620098,1,1,GroupC,United States,onsite,13,,2
938803,2,2,GroupB,Canada,remote,5,4.0,5
741455,1,2,GroupB,Canada,remote,5,3.0,5
334863,3,8,GroupB,United States,onsite,5,1.0,2
246039,1,1,GroupB,United States,hybrid,4,,5
853367,1,1,GroupA,India,hybrid,6,,3
823959,2,3,GroupC,India,onsite,12,1.0,1
116251,2,7,GroupA,United States,hybrid,3,4.0,3
382341,1,4,GroupA,India,hybrid,3,4.0,4
890515,2,6,GroupA,United States,hybrid,18,3.0,4
360899,1,3,GroupA,India,remote,1,5.0,3
124017,1,4,GroupA,United States,onsite,5,2.0,4
679202,1,3,GroupB,Canada,hybrid,2,5.0,4
677127,4,7,GroupC,United States,onsite,14,3.0,5
821989,1,4,GroupA,United States,onsite,8,4.0,3
642817,1,1,GroupB,Canada,remote,4,,5
258134,3,9,GroupC,United States,onsite,2,1.0,5
810073,3,3,GroupA,India,remote,2,1.0,4
191011,1,2,GroupB,United States,hybrid,8,5.0,1
926463,2,7,GroupA,Canada,hybrid,5,3.0,2
161862,4,4,GroupA,Canada,hybrid,5,5.0,4
619470,2,9,GroupA,Canada,onsite,4,5.0,2
462225,1,3,GroupA,Canada,hybrid,5,3.0,5
737111,1,1,GroupB,United States,hybrid,5,,4
579735,1,3,GroupA,India,hybrid,4,4.0,3
819761,1,1,GroupC,United States,onsite,11,,3
505019,2,3,GroupA,United States,remote,9,5.0,4
533938,1,1,GroupA,India,hybrid,6,,5
570775,1,2,GroupB,United States,remote,1,4.0,3
643076,1,1,GroupB,United States,remote,4,,5
925966,2,4,GroupC,India,onsite,20,4.0,5
551493,1,2,GroupA,Canada,remote,1,5.0,2
764316,4,1,GroupB,Canada,remote,6,,4
640427,1,3,GroupB,United States,remote,9,4.0,1
620198,1,2,GroupC,United States,onsite,9,3.0,2
204479,2,5,GroupC,India,onsite,12,1.0,3
710275,2,11,GroupC,India,onsite,7,5.0,2
644214,1,2,GroupC,India,onsite,16,1.0,3
364855,1,3,GroupA,India,hybrid,5,1.0,1
376980,2,3,GroupC,United States,hybrid,11,1.0,1
161459,2,6,GroupC,India,onsite,14,5.0,1
134505,1,1,GroupA,United States,hybrid,4,,3
646215,1,2,GroupA,United States,remote,3,4.0,3
451895,1,8,GroupC,India,onsite,14,3.0,1
430855,2,5,GroupA,Canada,hybrid,9,1.0,3
313863,1,2,GroupA,India,remote,5,4.0,2
460726,2,3,GroupB,United States,hybrid,3,4.0,5
794132,1,2,GroupA,Canada,onsite,6,3.0,4
434527,1,3,GroupA,United States,hybrid,5,2.0,5
256814,2,6,GroupC,United States,hybrid,11,3.0,2
236129,2,1,GroupC,United States,onsite,17,,2
462151,2,1,GroupC,India,onsite,7,,3
913608,2,5,GroupB,United States,hybrid,9,5.0,3
814374,1,3,GroupC,United States,onsite,11,1.0,1
624676,1,2,GroupB,United States,hybrid,6,2.0,2
190457,1,3,GroupB,United States,onsite,19,5.0,4
767763,2,3,GroupB,Canada,hybrid,5,3.0,3
621131,3,18,GroupA,India,hybrid,5,2.0,4
273765,1,5,GroupA,India,onsite,7,4.0,2
990337,2,3,GroupB,United States,remote,6,4.0,5
198018,1,3,GroupC,United States,onsite,10,4.0,3
360108,2,3,GroupA,United States,hybrid,5,3.0,5
485794,3,3,GroupA,Canada,hybrid,6,3.0,3
937737,3,13,GroupA,India,hybrid,8,4.0,1
206751,2,3,GroupD,United States,hybrid,1,5.0,4
963592,2,8,GroupB,United States,hybrid,6,3.0,3
330674,2,3,GroupC,India,onsite,20,3.0,1
411105,2,7,GroupA,United States,remote,8,4.0,2
546662,1,6,GroupA,India,onsite,6,4.0,4
650615,1,4,GroupA,United States,remote,13,2.0,3
200096,1,2,GroupA,United States,hybrid,4,5.0,5
373665,1,3,GroupA,United States,hybrid,5,5.0,3
878405,2,5,GroupA,Canada,onsite,7,3.0,4
420966,1,4,GroupA,United States,hybrid,5,3.0,5
374541,2,1,GroupC,United States,onsite,10,,5
180848,2,3,GroupA,United States,hybrid,12,3.0,2
790866,1,1,GroupB,Canada,hybrid,4,,5
311188,2,7,GroupB,Canada,remote,4,5.0,1
803478,1,3,GroupB,United States,remote,9,3.0,4
125935,1,1,GroupC,India,onsite,12,,5
366820,1,2,GroupD,United States,remote,3,3.0,5
361323,1,3,GroupC,India,onsite,12,1.0,5
300347,1,1,GroupA,Canada,hybrid,4,,3
902203,2,8,GroupB,United States,hybrid,6,4.0,4
490739,1,5,GroupC,India,hybrid,11,2.0,3
636604,3,9,GroupA,United States,hybrid,5,3.0,3
853015,1,2,GroupB,United States,hybrid,6,3.0,5
471692,3,3,GroupC,United States,onsite,11,1.0,2
899384,1,1,GroupB,United States,hybrid,6,,3
497415,1,1,GroupC,United States,hybrid,12,,3
684862,2,6,GroupC,United States,hybrid,13,4.0,2
745937,4,6,GroupB,United States,hybrid,5,2.0,3
898601,2,3,GroupA,United States,remote,6,5.0,5
616227,2,14,GroupA,Canada,hybrid,1,4.0,1
804976,1,1,GroupB,Canada,remote,7,,4
221403,1,4,GroupA,United States,remote,8,5.0,3
220700,3,4,GroupA,India,onsite,5,4.0,3
263225,1,2,GroupA,United States,hybrid,4,3.0,4
570627,2,7,GroupC,India,onsite,13,1.0,2
813560,1,4,GroupA,United States,remote,11,2.0,1
678786,1,2,GroupA,United States,hybrid,3,1.0,5
345929,2,2,GroupC,United States,hybrid,11,1.0,2
336994,2,5,GroupA,United States,remote,3,4.0,4
568712,1,2,GroupA,Canada,remote,8,2.0,5
498615,2,1,GroupC,United States,onsite,12,,1
502964,2,1,GroupA,United States,onsite,6,,3
604714,3,7,GroupB,United States,onsite,7,3.0,5
374981,2,4,GroupC,United States,onsite,11,4.0,1
534123,2,2,GroupB,United States,hybrid,8,3.0,5
562382,1,3,GroupA,India,onsite,3,4.0,1
192077,3,6,GroupA,Canada,hybrid,5,1.0,1
934229,1,4,GroupB,Canada,hybrid,9,5.0,3
668032,1,8,GroupA,India,hybrid,7,3.0,3
115575,2,6,GroupB,Canada,remote,5,1.0,3
700438,2,2,GroupA,Canada,remote,2,3.0,5
706410,1,1,GroupB,United States,remote,6,,4
443683,1,2,GroupA,United States,hybrid,8,5.0,1
146314,2,3,GroupA,India,remote,6,4.0,5
145214,2,1,GroupB,Canada,remote,4,,4
427249,1,4,GroupA,India,hybrid,5,5.0,4
560218,4,7,GroupB,Canada,onsite,10,2.0,3
663013,2,6,GroupD,United States,hybrid,4,5.0,1
798887,3,7,GroupA,Canada,hybrid,19,5.0,4
759139,4,5,GroupB,United States,remote,6,2.0,5
351800,2,8,GroupB,United States,onsite,5,5.0,2
642146,3,5,GroupA,Canada,hybrid,8,1.0,5
888154,1,1,GroupC,United States,onsite,11,,5
833293,1,3,GroupB,United States,hybrid,5,3.0,3
138135,2,14,GroupA,Canada,remote,4,4.0,4
126622,1,1,GroupC,India,onsite,8,,5
541742,1,4,GroupC,India,onsite,13,2.0,1
829492,1,1,GroupA,United States,hybrid,5,,4
956812,4,19,GroupA,United States,hybrid,2,2.0,3
855852,3,6,GroupA,Canada,onsite,2,2.0,5
411909,2,3,GroupA,Canada,onsite,6,4.0,3
136596,1,1,GroupA,United States,onsite,8,,2
275613,2,4,GroupC,United States,onsite,12,1.0,2
965805,2,2,GroupA,India,onsite,15,5.0,5
599678,2,7,GroupA,United States,hybrid,1,3.0,1
684443,1,2,GroupA,Canada,onsite,5,4.0,5
648289,1,3,GroupC,United States,onsite,9,3.0,2
387805,2,1,GroupA,United States,remote,3,,5
265047,4,1,GroupC,India,onsite,12,,3
442867,1,6,GroupB,Canada,hybrid,2,2.0,3
771872,2,1,GroupA,Canada,onsite,3,,4
154690,2,4,GroupA,Canada,remote,4,4.0,4
122687,1,4,GroupC,United States,onsite,11,4.0,1
149459,1,1,GroupA,United States,onsite,7,,3
710350,1,2,GroupA,United States,onsite,12,4.0,3
642239,2,11,GroupC,United States,onsite,13,3.0,3
511069,2,9,GroupA,India,remote,5,5.0,5
197695,3,4,GroupA,India,hybrid,4,3.0,5
278275,3,6,GroupA,Canada,remote,6,2.0,4
391870,1,3,GroupB,Canada,onsite,7,4.0,4
808116,2,9,GroupB,United States,hybrid,7,3.0,1
384008,1,3,GroupB,United States,onsite,10,4.0,2
146809,2,3,GroupA,India,remote,5,2.0,3
395374,4,7,GroupA,Canada,onsite,7,3.0,2
556413,2,1,GroupA,United States,remote,9,,5
448357,2,3,GroupB,United States,remote,2,1.0,5
339402,1,4,GroupA,United States,hybrid,7,1.0,5
145431,1,5,GroupA,Canada,hybrid,4,4.0,5
443208,2,4,GroupA,India,hybrid,5,3.0,4
314191,3,10,GroupB,United States,hybrid,6,1.0,5
742521,2,9,GroupA,Canada,onsite,11,2.0,2
645994,4,6,GroupB,United States,remote,4,4.0,3
690647,2,1,GroupA,Canada,hybrid,1,,4
388716,3,4,GroupB,United States,onsite,6,4.0,5
260398,2,9,GroupC,United States,onsite,11,3.0,3
250397,1,1,GroupC,India,onsite,13,,2
636110,1,2,GroupA,United States,remote,20,3.0,5
195270,1,2,GroupD,United States,hybrid,5,4.0,5
580556,1,3,GroupD,United States,remote,4,4.0,2
298750,1,2,GroupA,United States,hybrid,5,2.0,5
852660,1,1,GroupC,United States,onsite,11,,1
188113,1,8,GroupA,United States,hybrid,8,5.0,1
447687,4,7,GroupA,United States,hybrid,6,1.0,4
514255,3,5,GroupB,United States,remote,6,4.0,5
657022,2,9,GroupA,Canada,onsite,3,4.0,5
316116,1,7,GroupA,Canada,onsite,4,4.0,4
891304,1,1,GroupC,India,hybrid,17,,1
761554,1,1,GroupA,United States,hybrid,5,,4
650055,2,7,GroupA,United States,onsite,5,5.0,5
565698,3,6,GroupB,United States,remote,1,3.0,2
706455,2,10,GroupA,United States,onsite,9,3.0,4
950545,2,1,GroupC,India,onsite,13,,1
389475,1,4,GroupB,United States,remote,8,1.0,1
943186,1,3,GroupA,India,remote,6,4.0,2
425201,2,2,GroupD,United States,hybrid,9,4.0,4
666855,2,12,GroupA,India,remote,1,4.0,1
903347,1,1,GroupC,India,onsite,11,,1
212173,4,5,GroupA,United States,onsite,9,4.0,1
337974,1,2,GroupC,United States,hybrid,13,5.0,1
431425,3,5,GroupB,Canada,hybrid,14,4.0,3
816793,1,1,GroupA,Canada,hybrid,15,,5
901183,2,9,GroupA,United States,onsite,3,3.0,3
295827,4,3,GroupA,Canada,remote,6,3.0,3
289151,1,4,GroupB,United States,hybrid,18,1.0,3
905971,1,3,GroupA,United States,onsite,16,5.0,1
135938,3,5,GroupC,United States,onsite,17,1.0,3
531111,1,3,GroupC,India,onsite,10,4.0,4
859803,1,1,GroupA,United States,hybrid,4,,4
715645,1,1,GroupA,India,remote,4,,5
261266,3,7,GroupB,United States,hybrid,9,4.0,3
311192,1,1,GroupC,India,onsite,12,,3
939537,2,4,GroupA,Canada,hybrid,4,5.0,5
444785,1,3,GroupC,United States,hybrid,9,2.0,1
195479,1,2,GroupA,United States,remote,14,4.0,4
896770,3,4,GroupD,United States,remote,8,4.0,5
162755,2,2,GroupA,Canada,onsite,3,5.0,3
682924,1,1,GroupA,India,remote,5,,5
861054,1,2,GroupA,Canada,hybrid,6,5.0,3
885524,1,2,GroupA,United States,remote,6,5.0,5
945276,4,5,GroupA,India,hybrid,6,2.0,3
584206,1,1,GroupA,India,remote,5,,1
915745,1,2,GroupA,India,hybrid,5,4.0,4
134042,3,2,GroupA,United States,hybrid,12,5.0,4
968488,4,5,GroupB,United States,onsite,4,3.0,2
346746,1,3,GroupB,United States,onsite,6,4.0,4
752569,2,2,GroupA,United States,hybrid,4,5.0,3
122311,3,9,GroupB,Canada,remote,10,2.0,1
139661,2,1,GroupB,United States,hybrid,5,,4
874665,1,1,GroupA,United States,hybrid,2,,4
394519,2,3,GroupA,United States,onsite,5,3.0,3
877995,2,2,GroupA,United States,hybrid,6,4.0,3
421153,2,5,GroupB,Canada,hybrid,4,4.0,4
358509,3,3,GroupA,Canada,remote,5,1.0,5
935359,1,1,GroupA,United States,hybrid,5,,3
871227,1,3,GroupA,India,hybrid,1,1.0,3
264462,1,4,GroupA,India,hybrid,5,1.0,3
452234,1,5,GroupA,India,remote,3,4.0,3
253705,2,5,GroupC,India,hybrid,9,4.0,1
412505,2,1,GroupA,India,hybrid,5,,3
327504,3,3,GroupA,United States,remote,5,3.0,4
556772,2,2,GroupC,United States,onsite,9,4.0,2
980858,2,6,GroupC,United States,onsite,7,3.0,1
252468,1,1,GroupB,United States,onsite,6,,3
268495,2,3,GroupC,United States,onsite,16,2.0,2
183872,1,3,GroupA,India,remote,2,4.0,5
984500,1,8,GroupA,United States,hybrid,6,5.0,3
738999,1,1,GroupA,United States,hybrid,13,,4
839543,1,1,GroupC,India,onsite,12,,4
672884,1,3,GroupA,India,remote,1,2.0,3
535604,1,4,GroupA,India,hybrid,8,4.0,3
478438,1,1,GroupB,Canada,remote,8,,3
832432,1,2,GroupA,United States,remote,16,3.0,2
715306,2,4,GroupA,Canada,hybrid,8,1.0,5
522895,3,6,GroupC,United States,onsite,15,3.0,2
663947,1,2,GroupB,United States,hybrid,9,5.0,5
449874,1,3,GroupB,United States,remote,1,5.0,1
217074,1,2,GroupB,United States,onsite,8,4.0,5
880178,1,6,GroupA,Canada,hybrid,4,5.0,4
475324,3,4,GroupA,United States,hybrid,3,5.0,5
515545,1,2,GroupC,United States,onsite,9,3.0,4
805771,2,6,GroupC,United States,onsite,12,2.0,5
378484,2,11,GroupC,United States,onsite,12,1.0,3
538929,3,3,GroupA,Canada,hybrid,7,1.0,5
884844,1,2,GroupC,United States,onsite,16,2.0,3
698211,4,5,GroupB,United States,remote,2,1.0,2
971640,2,1,GroupA,Canada,hybrid,1,,5
401887,3,6,GroupB,Canada,onsite,15,3.0,3
209853,1,4,GroupB,United States,onsite,1,1.0,3
239156,2,1,GroupA,Canada,hybrid,8,,1
777340,1,6,GroupA,India,remote,5,4.0,4
149422,3,4,GroupA,United States,remote,7,5.0,4
172441,1,2,GroupA,Canada,hybrid,6,5.0,5
580597,1,1,GroupA,United States,hybrid,5,,5
103876,1,2,GroupC,United States,onsite,10,3.0,2
535271,2,1,GroupB,United States,hybrid,5,,2
562114,3,2,GroupA,Canada,hybrid,4,3.0,5
550351,3,10,GroupA,Canada,onsite,10,4.0,2
104062,1,1,GroupA,United States,remote,11,,3
178999,1,2,GroupA,United States,onsite,3,5.0,4
336390,2,4,GroupA,India,onsite,6,4.0,2
484854,2,3,GroupC,United States,onsite,10,4.0,3
584898,1,5,GroupC,United States,onsite,12,3.0,1
833578,1,2,GroupA,India,remote,3,2.0,5
306368,2,1,GroupA,United States,remote,5,,5
136119,2,4,GroupA,India,hybrid,7,1.0,1
978802,2,2,GroupB,United States,remote,14,3.0,5
556350,1,4,GroupC,United States,onsite,12,3.0,1
304043,2,2,GroupB,United States,hybrid,5,4.0,5
297678,1,2,GroupA,Canada,hybrid,6,2.0,5
100478,1,2,GroupA,United States,remote,4,5.0,4
285490,1,2,GroupB,United States,hybrid,4,3.0,5
250514,2,2,GroupB,United States,hybrid,4,4.0,4
128361,1,1,GroupC,United States,onsite,10,,1
144352,1,2,GroupC,United States,onsite,14,2.0,3
359997,1,3,GroupA,United States,remote,13,5.0,4
791030,2,5,GroupA,United States,remote,5,1.0,4
459834,3,6,GroupC,India,onsite,13,3.0,1
434682,2,5,GroupA,Canada,hybrid,7,5.0,1
735791,1,2,GroupD,United States,hybrid,7,5.0,4
443812,1,5,GroupA,Canada,onsite,2,1.0,3
841542,2,6,GroupA,United States,remote,5,3.0,3
176596,1,6,GroupC,India,onsite,20,5.0,1
777780,1,5,GroupC,India,onsite,11,1.0,3
757399,1,1,GroupB,United States,remote,10,,5
718656,1,1,GroupA,United States,remote,5,,4
911051,1,4,GroupA,India,hybrid,1,5.0,2
525624,3,10,GroupB,United States,remote,8,3.0,2
405198,1,3,GroupA,Canada,remote,9,4.0,4
672932,3,9,GroupB,United States,hybrid,4,1.0,2
789560,2,1,GroupA,United States,remote,2,,5
917277,2,7,GroupB,United States,onsite,5,1.0,2
631413,2,2,GroupA,India,remote,11,5.0,5
820866,1,2,GroupA,India,remote,8,4.0,1
108836,2,6,GroupA,India,hybrid,2,5.0,5
912438,2,3,GroupA,Canada,onsite,6,5.0,4
447006,2,9,GroupA,India,remote,11,4.0,3
160667,1,1,GroupC,India,onsite,14,,1
842876,4,6,GroupA,United States,remote,5,4.0,1
190837,2,4,GroupA,United States,remote,4,1.0,3
878027,1,4,GroupB,United States,hybrid,3,4.0,4
414471,1,1,GroupB,United States,onsite,3,,4
491895,1,1,GroupD,United States,remote,6,,4
984199,1,3,GroupA,Canada,hybrid,8,4.0,3
282898,3,13,GroupA,Canada,onsite,5,3.0,1
407508,2,3,GroupB,United States,remote,7,2.0,1
960495,2,5,GroupA,India,hybrid,8,5.0,3
663297,1,1,GroupB,Canada,hybrid,5,,5
648468,1,4,GroupD,United States,remote,2,5.0,4
963495,2,3,GroupB,United States,onsite,2,4.0,3
977238,3,3,GroupA,Canada,hybrid,5,1.0,5
278763,1,5,GroupC,United States,hybrid,13,3.0,2
509222,3,6,GroupB,United States,hybrid,7,1.0,1
945041,2,8,GroupB,United States,onsite,5,3.0,3
772108,2,5,GroupA,United States,remote,3,2.0,4
738057,2,1,GroupA,India,hybrid,5,,4
113796,2,3,GroupB,Canada,onsite,8,5.0,3
673761,1,3,GroupA,United States,hybrid,3,4.0,4
406846,1,2,GroupA,United States,hybrid,1,3.0,2
360003,1,3,GroupC,India,hybrid,11,3.0,2
820207,1,1,GroupA,India,hybrid,15,,3
361299,1,2,GroupA,United States,hybrid,6,2.0,5
502335,3,6,GroupA,Canada,hybrid,7,4.0,1
284836,1,6,GroupA,United States,hybrid,7,1.0,3
314874,1,2,GroupD,United States,hybrid,1,5.0,2
751989,4,8,GroupA,Canada,hybrid,10,3.0,2
989713,1,2,GroupA,Canada,remote,4,4.0,2
256110,4,5,GroupC,United States,onsite,13,2.0,1
297133,1,1,GroupC,United States,onsite,12,,2
965300,1,3,GroupA,United States,onsite,17,4.0,5
532487,2,1,GroupB,United States,hybrid,6,,4
647346,1,4,GroupC,United States,onsite,6,3.0,4
933039,3,7,GroupA,Canada,hybrid,6,3.0,4
264480,3,1,GroupA,Canada,hybrid,7,,4
305198,3,6,GroupA,Canada,hybrid,5,5.0,1
793410,2,6,GroupC,India,onsite,10,1.0,2
261765,3,10,GroupD,United States,remote,6,5.0,4
258492,1,2,GroupC,United States,hybrid,16,4.0,2
593377,2,10,GroupA,United States,remote,1,2.0,5
261759,1,1,GroupA,Canada,remote,6,,3
101100,2,2,GroupC,United States,onsite,12,1.0,2
795410,3,4,GroupA,Canada,hybrid,4,5.0,5
515091,3,5,GroupA,United States,hybrid,3,3.0,3
229172,2,8,GroupA,Canada,remote,4,5.0,3
168657,2,3,GroupC,United States,onsite,11,1.0,4
836278,4,4,GroupA,India,onsite,2,3.0,3
484716,1,2,GroupB,Canada,hybrid,7,5.0,4
878450,1,3,GroupA,Canada,remote,4,3.0,5
902623,1,7,GroupA,Canada,hybrid,5,5.0,5
454277,3,9,GroupA,United States,hybrid,5,5.0,2
912613,2,12,GroupB,Canada,remote,2,3.0,3
866007,3,5,GroupC,United States,onsite,9,4.0,1
518684,2,2,GroupB,Canada,remote,5,4.0,2
118381,1,3,GroupA,India,onsite,9,5.0,2
900277,1,1,GroupB,United States,hybrid,9,,5
129635,1,2,GroupC,India,onsite,12,3.0,2
598381,3,5,GroupB,Canada,hybrid,5,4.0,4
220626,1,6,GroupB,United States,onsite,9,3.0,5
510407,1,4,GroupB,United States,hybrid,8,3.0,4
524380,3,5,GroupC,United States,onsite,13,1.0,5
512140,1,2,GroupA,United States,onsite,4,4.0,4
463927,2,1,GroupB,United States,onsite,1,,5
816868,2,8,GroupA,United States,hybrid,2,2.0,3
361144,1,1,GroupA,Canada,hybrid,11,,4
517284,2,4,GroupC,United States,onsite,12,4.0,1
322340,1,3,GroupA,India,onsite,5,3.0,5
722347,1,5,GroupC,United States,onsite,12,2.0,1
116308,2,1,GroupC,United States,hybrid,14,,2
586035,2,3,GroupB,Canada,remote,5,5.0,5
829325,3,6,GroupA,India,hybrid,7,2.0,5
898383,2,5,GroupA,United States,remote,5,2.0,3
572261,2,2,GroupA,Canada,hybrid,8,5.0,5
801249,1,3,GroupB,United States,hybrid,6,3.0,4
633305,1,4,GroupB,United States,hybrid,6,3.0,2
651357,1,1,GroupA,Canada,hybrid,5,,4
618284,4,1,GroupA,India,hybrid,4,,2
114723,1,8,GroupA,United States,hybrid,4,2.0,4
241428,1,2,GroupC,United States,onsite,17,1.0,1
236480,1,1,GroupA,India,hybrid,5,,3
712633,1,1,GroupC,United States,onsite,13,,3
224619,1,5,GroupA,India,onsite,4,4.0,2
248225,2,2,GroupC,India,onsite,13,4.0,1
865284,1,3,GroupA,United States,remote,3,2.0,4
976535,1,2,GroupA,United States,onsite,5,4.0,3
893428,2,1,GroupA,United States,hybrid,3,,5
421932,2,3,GroupB,United States,hybrid,5,3.0,5
682461,2,3,GroupA,United States,hybrid,7,4.0,4
245206,1,4,GroupB,United States,remote,7,4.0,2
165613,1,1,GroupA,India,hybrid,14,,3
682818,1,2,GroupB,United States,hybrid,14,5.0,3
454518,3,11,GroupB,Canada,hybrid,6,2.0,2
323742,1,3,GroupB,Canada,remote,3,3.0,2
978136,4,8,GroupB,United States,onsite,10,3.0,3
966465,3,4,GroupC,United States,onsite,14,3.0,2
434954,1,3,GroupA,India,remote,8,4.0,5
544458,2,1,GroupC,India,onsite,8,,2
874235,2,8,GroupA,United States,remote,4,5.0,2
143519,1,3,GroupB,Canada,hybrid,6,5.0,3
461991,1,2,GroupB,United States,onsite,1,4.0,3
871335,4,4,GroupA,India,hybrid,4,5.0,1
405899,2,1,GroupB,United States,onsite,8,,5
796473,2,3,GroupA,India,remote,6,3.0,2
266772,1,2,GroupA,Canada,remote,5,2.0,4
368947,1,2,GroupC,United States,onsite,9,1.0,2
863430,1,3,GroupA,United States,onsite,5,2.0,4
602738,1,2,GroupB,United States,hybrid,5,1.0,4
147147,3,11,GroupA,India,onsite,10,4.0,2
134895,1,2,GroupC,United States,hybrid,7,5.0,1
250704,3,11,GroupA,India,onsite,2,4.0,3
263336,1,4,GroupC,United States,onsite,9,2.0,2
771214,1,4,GroupA,India,hybrid,5,5.0,5
608845,2,1,GroupB,United States,onsite,3,,4
189210,2,1,GroupB,United States,remote,2,,2
516186,1,6,GroupB,Canada,hybrid,3,5.0,1
986739,2,5,GroupC,India,onsite,8,1.0,3
629373,1,2,GroupA,United States,remote,8,2.0,2
185325,2,3,GroupA,United States,hybrid,4,3.0,5
479642,2,1,GroupD,United States,hybrid,1,,4
727431,1,2,GroupC,India,onsite,10,1.0,3
660544,1,7,GroupA,United States,hybrid,19,4.0,4
868013,1,7,GroupC,United States,onsite,9,1.0,2
246819,4,3,GroupA,United States,hybrid,8,2.0,4
143204,1,2,GroupB,United States,onsite,10,5.0,3
319772,1,6,GroupB,United States,hybrid,12,5.0,3
568047,4,12,GroupA,United States,hybrid,3,4.0,4
251265,1,4,GroupA,Canada,onsite,2,3.0,3
750652,2,4,GroupD,United States,remote,8,1.0,5
869191,1,1,GroupC,United States,onsite,16,,1
971139,1,2,GroupB,United States,hybrid,5,3.0,4
603353,1,3,GroupA,United States,hybrid,2,4.0,4
674913,3,5,GroupB,United States,hybrid,4,4.0,2
882215,4,8,GroupA,India,remote,2,3.0,1
371838,1,1,GroupA,United States,onsite,6,,5
856044,2,6,GroupD,United States,hybrid,3,5.0,4
408682,4,4,GroupD,United States,remote,9,3.0,5
710993,1,2,GroupB,Canada,onsite,5,3.0,4
839769,2,2,GroupB,United States,remote,5,4.0,3
172743,1,3,GroupB,Canada,onsite,4,4.0,1
740802,2,3,GroupC,United States,onsite,9,1.0,4
909695,1,4,GroupA,United States,remote,9,2.0,1
970115,2,3,GroupB,United States,hybrid,10,2.0,3
285798,3,5,GroupA,Canada,hybrid,7,2.0,3
447857,2,1,GroupB,United States,hybrid,5,,5
376700,2,6,GroupA,United States,hybrid,1,2.0,4
593587,3,10,GroupC,India,onsite,19,2.0,2
448689,1,2,GroupB,United States,remote,10,4.0,4
592620,1,3,GroupC,India,onsite,17,3.0,2
523266,1,1,GroupA,United States,hybrid,3,,4
834239,1,2,GroupA,United States,remote,8,4.0,4
167206,2,5,GroupC,United States,onsite,8,1.0,3
930244,1,3,GroupC,India,hybrid,13,3.0,2
153637,2,5,GroupB,United States,remote,9,3.0,2
342880,4,7,GroupA,Canada,hybrid,8,5.0,4
255365,3,3,GroupC,India,onsite,10,3.0,4
814420,1,2,GroupA,Canada,hybrid,5,1.0,4
453454,3,3,GroupA,United States,onsite,3,4.0,3
267132,1,1,GroupB,Canada,hybrid,9,,3
223988,3,5,GroupB,United States,remote,10,1.0,3
924133,2,3,GroupB,Canada,hybrid,18,4.0,5
366200,1,3,GroupD,United States,remote,1,4.0,3
894405,2,12,GroupD,United States,hybrid,8,4.0,1
608750,2,1,GroupC,United States,hybrid,9,,2
503009,4,3,GroupC,United States,onsite,11,5.0,2
668684,2,6,GroupD,United States,hybrid,8,3.0,5
562044,2,1,GroupC,India,onsite,10,,1
375195,1,3,GroupB,United States,onsite,8,2.0,4
896750,1,3,GroupA,United States,remote,15,3.0,5
164052,1,4,GroupB,Canada,remote,8,1.0,5
422456,1,2,GroupA,Canada,hybrid,8,5.0,1
868311,3,3,GroupA,United States,remote,5,1.0,3
381743,1,1,GroupB,United States,remote,6,,4
820308,3,6,GroupC,United States,onsite,12,5.0,5
831980,1,1,GroupC,United States,onsite,15,,2
173745,1,1,GroupA,Canada,hybrid,18,,4
988040,3,7,GroupA,United States,hybrid,5,3.0,4
937263,1,4,GroupB,Canada,remote,17,3.0,5
559484,2,8,GroupA,United States,remote,11,2.0,1
762221,1,2,GroupC,India,onsite,14,2.0,1
706329,2,1,GroupA,United States,hybrid,7,,2
637551,3,6,GroupA,Canada,remote,5,4.0,5
703930,1,1,GroupB,United States,onsite,5,,3
768106,1,1,GroupD,United States,remote,9,,5
130279,1,2,GroupB,United States,hybrid,5,5.0,4
242449,2,3,GroupA,Canada,hybrid,7,2.0,4
685865,1,3,GroupC,United States,onsite,14,2.0,2
233288,1,1,GroupD,United States,hybrid,3,,4
502717,2,2,GroupA,Canada,hybrid,4,3.0,5
718902,2,4,GroupB,United States,hybrid,6,4.0,4
252421,2,1,GroupC,India,hybrid,13,,2
419569,1,2,GroupA,United States,remote,6,5.0,5
361902,2,3,GroupB,United States,remote,2,3.0,4
816878,2,2,GroupC,United States,onsite,7,5.0,2
964176,1,1,GroupB,United States,remote,5,,5
817771,2,5,GroupA,Canada,remote,5,2.0,3
411050,1,1,GroupC,India,onsite,12,,2
768108,1,5,GroupA,Canada,hybrid,4,4.0,1
906825,3,4,GroupA,Canada,hybrid,1,4.0,3
575769,1,1,GroupA,United States,remote,4,,4
681903,2,1,GroupA,Canada,hybrid,4,,4
739773,3,11,GroupB,United States,remote,3,1.0,3
798920,2,6,GroupA,United States,hybrid,4,5.0,2
891416,3,2,GroupA,United States,hybrid,4,4.0,4
647755,1,2,GroupA,United States,hybrid,11,3.0,2
631945,1,4,GroupD,United States,hybrid,3,5.0,2
664811,1,6,GroupB,United States,hybrid,10,2.0,5
868145,1,1,GroupA,India,onsite,5,,5
837656,2,10,GroupA,India,hybrid,5,4.0,5
613816,1,3,GroupA,India,hybrid,4,3.0,3
749070,1,3,GroupA,United States,onsite,4,5.0,5
560308,1,2,GroupB,United States,hybrid,5,4.0,4
399374,4,7,GroupA,United States,remote,7,3.0,4
645496,1,2,GroupB,United States,remote,4,4.0,5
813444,3,1,GroupB,United States,hybrid,12,,5
318191,2,3,GroupC,United States,onsite,16,4.0,2
605637,1,1,GroupA,United States,hybrid,9,,4
323345,2,2,GroupB,Canada,hybrid,1,3.0,4
325654,2,2,GroupA,Canada,remote,6,5.0,4
338423,1,1,GroupC,United States,onsite,10,,2
625358,3,6,GroupB,United States,hybrid,7,4.0,3
521374,3,11,GroupC,United States,onsite,11,1.0,1
710720,3,7,GroupA,United States,hybrid,7,3.0,2
577734,3,3,GroupA,United States,hybrid,5,2.0,3
354770,1,1,GroupA,Canada,onsite,5,,5
574983,4,5,GroupA,India,hybrid,2,3.0,1
716788,1,3,GroupB,Canada,remote,4,4.0,4
434777,3,4,GroupB,United States,onsite,7,3.0,4
122197,2,2,GroupC,India,onsite,13,2.0,2
751184,2,4,GroupA,Canada,onsite,5,3.0,2
542194,1,1,GroupA,India,hybrid,14,,3
234629,2,2,GroupA,United States,hybrid,5,4.0,2
439875,1,1,GroupA,India,hybrid,5,,3
352858,1,2,GroupA,Canada,onsite,8,3.0,3
115444,3,5,GroupA,United States,remote,7,4.0,3
369360,2,2,GroupA,India,hybrid,8,3.0,4
646547,1,1,GroupB,United States,hybrid,5,,5
920057,1,7,GroupC,India,onsite,12,1.0,5
750974,2,1,GroupC,India,onsite,9,,4
103261,1,3,GroupA,United States,remote,7,4.0,2
103538,1,1,GroupA,India,remote,2,,5
230488,2,6,GroupA,India,hybrid,5,4.0,4
458889,1,3,GroupA,United States,onsite,6,1.0,4
466792,4,4,GroupC,United States,onsite,14,2.0,3
660147,1,2,GroupA,United States,remote,14,5.0,4
761061,1,2,GroupA,United States,hybrid,2,3.0,3
684724,1,3,GroupA,Canada,hybrid,4,3.0,5
204865,1,2,GroupB,Canada,hybrid,8,1.0,4
453765,2,3,GroupC,United States,onsite,9,2.0,2
961904,1,1,GroupA,India,onsite,5,,5
812480,1,3,GroupB,United States,hybrid,7,4.0,3
778350,2,3,GroupB,Canada,hybrid,6,3.0,2
580675,1,8,GroupB,United States,hybrid,2,1.0,1
386714,2,10,GroupB,United States,remote,5,1.0,2
372741,1,6,GroupA,United States,hybrid,7,2.0,5
618607,2,3,GroupB,Canada,remote,4,3.0,5
331088,1,2,GroupC,United States,onsite,12,2.0,3
631478,1,2,GroupC,India,onsite,12,2.0,1
305553,3,5,GroupA,India,remote,6,3.0,3
228834,4,10,GroupB,United States,remote,6,5.0,1
755062,1,5,GroupA,India,onsite,4,5.0,3
474855,1,4,GroupA,India,hybrid,5,1.0,3
763027,1,1,GroupA,India,onsite,5,,5
463359,2,3,GroupC,United States,hybrid,13,5.0,4
177591,1,3,GroupC,India,onsite,12,2.0,5
320309,1,1,GroupA,United States,remote,4,,4
455350,1,3,GroupA,United States,hybrid,7,4.0,2
588731,1,2,GroupC,United States,hybrid,12,3.0,2
469184,1,1,GroupA,Canada,hybrid,1,,4
456400,4,6,GroupC,India,hybrid,11,2.0,2
896882,1,1,GroupA,United States,hybrid,15,,5
661933,2,1,GroupB,United States,remote,5,,3
757326,2,1,GroupA,United States,hybrid,2,,1
509454,2,1,GroupA,Canada,remote,5,,3
913851,2,1,GroupA,United States,onsite,5,,2
772713,4,2,GroupD,United States,hybrid,4,2.0,4
906982,2,1,GroupA,Canada,remote,6,,5
430561,1,1,GroupA,United States,hybrid,6,,3
204030,1,4,GroupA,United States,hybrid,3,4.0,2
573516,4,6,GroupB,United States,remote,4,4.0,4
301651,2,12,GroupD,United States,remote,3,4.0,1
272543,1,2,GroupA,India,remote,6,4.0,4
966488,2,2,GroupA,Canada,remote,1,3.0,3
277654,1,2,GroupA,United States,onsite,5,5.0,4
618897,4,4,GroupC,India,onsite,13,2.0,3
581173,1,2,GroupC,United States,onsite,9,3.0,1
405335,4,9,GroupB,United States,remote,3,4.0,3
881175,3,8,GroupA,Canada,onsite,3,4.0,2
387788,1,1,GroupA,India,onsite,5,,3
537941,1,2,GroupA,Canada,hybrid,7,3.0,4
802346,2,4,GroupA,United States,hybrid,6,5.0,3
107476,1,3,GroupA,India,remote,6,1.0,3
669366,1,2,GroupA,India,remote,5,2.0,5
299746,2,4,GroupA,United States,hybrid,6,3.0,5
765913,3,7,GroupA,United States,onsite,6,5.0,3
995419,1,1,GroupA,Canada,hybrid,7,,4
597665,3,3,GroupA,India,remote,4,2.0,4
942372,3,4,GroupA,United States,hybrid,5,2.0,2
100252,2,3,GroupC,United States,hybrid,13,2.0,2
206988,2,3,GroupA,India,onsite,3,3.0,3
574982,1,1,GroupA,United States,remote,3,,2
573441,1,2,GroupA,United States,hybrid,5,2.0,5
696882,3,4,GroupB,Canada,hybrid,1,4.0,2
580370,2,2,GroupA,Canada,remote,2,5.0,2
715592,2,10,GroupC,India,onsite,12,3.0,1
427399,3,3,GroupA,Canada,hybrid,3,4.0,4
967254,1,7,GroupA,United States,hybrid,10,1.0,4
718874,2,5,GroupB,United States,hybrid,17,4.0,5
856429,1,2,GroupB,Canada,hybrid,5,3.0,5
503958,3,7,GroupA,India,remote,8,4.0,5
322611,1,3,GroupB,Canada,hybrid,18,3.0,2
471948,3,8,GroupA,Canada,hybrid,5,5.0,2
746143,2,2,GroupA,United States,hybrid,1,4.0,4
378194,1,3,GroupB,Canada,hybrid,4,2.0,4
205259,2,5,GroupC,United States,onsite,12,3.0,3
762614,2,8,GroupC,United States,onsite,13,2.0,4
544433,2,6,GroupA,India,onsite,10,3.0,3
874965,2,3,GroupD,United States,remote,5,5.0,4
883249,1,4,GroupB,United States,hybrid,4,4.0,4
456778,1,1,GroupC,United States,onsite,12,,2
970255,1,1,GroupA,India,hybrid,4,,2
826795,4,8,GroupB,Canada,hybrid,4,5.0,2
621233,4,5,GroupB,Canada,hybrid,9,4.0,5
915230,1,5,GroupA,India,onsite,5,4.0,1
877306,1,4,GroupA,Canada,hybrid,4,4.0,5
474980,3,3,GroupB,United States,onsite,5,3.0,3
535372,1,2,GroupA,United States,onsite,3,3.0,4
416089,1,1,GroupC,India,onsite,11,,3
184734,4,7,GroupB,Canada,hybrid,6,4.0,1
195922,3,10,GroupB,United States,remote,3,4.0,4
160071,1,4,GroupC,India,onsite,12,1.0,2
154768,1,2,GroupC,United States,onsite,13,4.0,1
565224,2,4,GroupC,United States,onsite,12,2.0,4
557557,3,5,GroupB,United States,hybrid,3,5.0,4
531383,2,4,GroupA,United States,onsite,7,1.0,2
621854,1,4,GroupA,United States,hybrid,5,3.0,3
921326,1,5,GroupA,India,hybrid,7,5.0,4
615722,3,7,GroupB,United States,hybrid,6,4.0,3
499488,2,3,GroupA,Canada,remote,1,4.0,2
282277,3,5,GroupA,United States,remote,4,4.0,2
687484,4,5,GroupC,United States,onsite,12,3.0,2
923645,1,1,GroupC,United States,onsite,11,,2
212496,1,3,GroupA,United States,onsite,1,4.0,3
634444,1,3,GroupA,Canada,hybrid,6,4.0,5
395873,2,4,GroupA,Canada,remote,5,5.0,4
475773,3,11,GroupA,United States,hybrid,7,5.0,4
430092,2,7,GroupC,India,hybrid,13,1.0,2
878774,1,3,GroupA,Canada,hybrid,5,3.0,2
731207,3,4,GroupA,United States,hybrid,6,3.0,3
296906,1,3,GroupA,United States,hybrid,5,4.0,5
403853,1,2,GroupC,United States,onsite,10,2.0,1
769068,3,6,GroupA,United States,hybrid,6,2.0,3
276161,2,9,GroupA,Canada,hybrid,5,5.0,2
977310,2,5,GroupD,United States,remote,9,3.0,5
165052,1,2,GroupA,Canada,hybrid,1,1.0,4
531418,1,3,GroupB,United States,hybrid,8,5.0,5
262891,2,6,GroupA,Canada,remote,8,2.0,5
473668,3,2,GroupC,United States,onsite,9,2.0,5
515096,1,1,GroupC,India,onsite,11,,1
630195,4,7,GroupC,India,onsite,11,1.0,2
493266,2,2,GroupA,India,hybrid,4,2.0,4
555262,4,4,GroupC,India,onsite,8,3.0,2
996124,3,6,GroupC,India,onsite,12,3.0,2
343579,3,4,GroupA,Canada,onsite,5,4.0,5
274918,1,3,GroupC,India,hybrid,15,5.0,3
962696,1,1,GroupA,Canada,hybrid,4,,3
173046,1,1,GroupC,United States,hybrid,10,,4
843996,1,1,GroupA,India,hybrid,6,,3
234307,1,3,GroupC,United States,hybrid,20,1.0,4
523837,1,2,GroupA,United States,remote,7,4.0,4
117291,1,5,GroupA,United States,onsite,5,4.0,5
238773,2,1,GroupA,United States,onsite,6,,3
511530,1,2,GroupC,United States,onsite,9,1.0,4
476120,1,2,GroupC,India,onsite,14,1.0,3
881212,1,4,GroupA,United States,onsite,7,4.0,5
824763,1,7,GroupA,Canada,onsite,5,3.0,3
130804,2,4,GroupB,United States,hybrid,6,4.0,2
481843,1,2,GroupC,United States,onsite,16,3.0,2
765582,1,1,GroupA,Canada,hybrid,3,,3
263809,2,1,GroupC,United States,onsite,14,,2
966401,1,1,GroupC,India,onsite,12,,2
733533,1,2,GroupA,India,onsite,7,2.0,5
949673,1,2,GroupB,United States,remote,5,4.0,2
559405,1,3,GroupA,United States,remote,15,5.0,5
819602,2,2,GroupC,United States,onsite,9,1.0,2
983250,1,6,GroupB,United States,remote,6,3.0,5
979467,3,5,GroupB,United States,onsite,14,3.0,5
500799,2,3,GroupA,India,remote,2,3.0,4
311848,1,1,GroupA,Canada,remote,4,,1
113040,2,4,GroupC,United States,onsite,15,4.0,2
819790,3,9,GroupB,United States,onsite,14,4.0,2
212002,3,7,GroupC,India,onsite,13,1.0,1
216341,2,3,GroupC,India,hybrid,7,3.0,1
446643,1,1,GroupB,United States,onsite,5,,5
107533,3,9,GroupA,United States,remote,2,2.0,4
438615,3,6,GroupA,United States,hybrid,3,1.0,2
759035,1,3,GroupA,United States,hybrid,4,4.0,4
961096,1,3,GroupA,India,remote,9,4.0,4
234492,1,3,GroupA,India,remote,15,4.0,5
862477,2,6,GroupB,Canada,onsite,8,5.0,5
726156,1,3,GroupC,United States,onsite,11,2.0,2
965096,1,3,GroupA,India,hybrid,5,5.0,3
875902,1,5,GroupC,United States,onsite,10,3.0,3
410273,2,3,GroupB,United States,onsite,11,3.0,2
552168,1,1,GroupA,Canada,remote,7,,4
954497,3,16,GroupA,India,remote,3,2.0,4
936631,1,4,GroupB,Canada,onsite,3,3.0,4
831260,2,2,GroupA,Canada,onsite,18,2.0,3
720206,3,5,GroupA,India,remote,4,2.0,4
220952,2,3,GroupC,United States,onsite,16,5.0,1
645044,1,4,GroupA,United States,remote,6,2.0,4
630085,1,2,GroupA,India,hybrid,19,5.0,3
796730,1,2,GroupA,United States,onsite,4,4.0,3
674322,1,2,GroupC,India,onsite,10,3.0,2
958141,1,2,GroupC,India,onsite,6,2.0,5
933180,1,2,GroupB,United States,hybrid,6,1.0,1
153744,3,9,GroupB,United States,hybrid,1,4.0,2
692427,2,7,GroupC,United States,onsite,11,2.0,2
413483,2,1,GroupA,United States,hybrid,2,,4
578806,2,3,GroupC,United States,onsite,14,3.0,5
455785,1,2,GroupA,Canada,onsite,8,5.0,3
825435,2,4,GroupA,United States,onsite,4,4.0,3
550647,1,4,GroupB,United States,onsite,4,4.0,1
888124,1,1,GroupA,Canada,hybrid,3,,3
496342,1,3,GroupC,United States,onsite,9,4.0,5
229945,3,4,GroupC,United States,onsite,11,1.0,2
601287,3,11,GroupA,United States,hybrid,8,5.0,2
788056,1,2,GroupA,Canada,hybrid,2,3.0,3
563852,1,3,GroupA,India,onsite,4,3.0,3
817209,2,3,GroupA,United States,onsite,5,5.0,5
205047,1,2,GroupA,India,hybrid,20,3.0,3
385377,3,17,GroupA,India,hybrid,4,3.0,3
714618,1,3,GroupB,United States,remote,4,5.0,3
403200,2,1,GroupA,Canada,onsite,5,,3
389276,1,2,GroupA,United States,hybrid,17,3.0,5
839846,1,1,GroupA,Canada,remote,5,,2
810402,1,6,GroupA,United States,hybrid,8,3.0,3
743965,4,9,GroupA,India,hybrid,3,5.0,3
363945,3,1,GroupB,Canada,onsite,3,,4
869652,1,1,GroupC,United States,onsite,12,,1
778801,3,6,GroupC,India,onsite,12,2.0,3
344328,4,2,GroupB,United States,onsite,4,2.0,5
372180,1,2,GroupB,United States,hybrid,5,3.0,4
270217,2,1,GroupB,United States,hybrid,6,,4
963934,1,2,GroupB,United States,hybrid,7,2.0,5
593846,3,7,GroupA,Canada,hybrid,5,2.0,4
851067,2,4,GroupA,United States,hybrid,10,4.0,2
701742,2,13,GroupA,Canada,hybrid,4,5.0,2
526451,2,5,GroupC,India,onsite,16,2.0,1
411979,3,5,GroupB,United States,remote,7,4.0,4
215317,2,5,GroupC,India,hybrid,12,3.0,4
133077,2,5,GroupA,India,hybrid,4,5.0,4
320805,2,6,GroupA,India,onsite,5,4.0,4
465464,3,6,GroupB,United States,hybrid,4,4.0,3
650397,3,6,GroupA,United States,remote,4,4.0,1
251999,1,3,GroupB,United States,remote,4,3.0,5
836158,1,1,GroupC,United States,hybrid,9,,4
728438,1,3,GroupA,India,remote,6,3.0,5
450250,3,8,GroupA,United States,remote,10,1.0,2
366216,2,7,GroupA,India,hybrid,4,5.0,5
364737,2,4,GroupD,United States,hybrid,2,4.0,2
642515,2,5,GroupA,India,hybrid,3,4.0,5
185296,3,4,GroupA,Canada,remote,7,5.0,4
603256,1,8,GroupA,United States,hybrid,4,4.0,2
305931,1,6,GroupA,United States,onsite,15,4.0,1
493386,1,1,GroupB,United States,hybrid,3,,5
895762,2,1,GroupC,United States,onsite,9,,1
282018,1,3,GroupA,United States,hybrid,4,3.0,2
541186,2,6,GroupD,United States,remote,4,3.0,4
800609,2,1,GroupA,United States,remote,15,,4
594165,2,12,GroupA,India,remote,6,4.0,4
213891,1,7,GroupB,United States,remote,3,3.0,5
239901,2,9,GroupA,United States,remote,5,1.0,3
833673,1,2,GroupC,India,onsite,9,3.0,1
220622,3,4,GroupB,Canada,hybrid,1,3.0,4
855573,1,1,GroupA,Canada,onsite,3,,5
935470,1,2,GroupA,India,hybrid,5,3.0,4
253578,3,14,GroupD,United States,hybrid,4,5.0,4
225845,1,1,GroupA,United States,onsite,7,,5
304795,1,5,GroupA,United States,remote,7,5.0,4
931756,3,7,GroupC,United States,onsite,11,2.0,1
670153,2,7,GroupA,India,hybrid,4,3.0,4
564197,1,5,GroupB,United States,hybrid,9,4.0,4
646167,1,1,GroupD,United States,remote,6,,5
724726,1,7,GroupA,India,remote,3,4.0,1
944219,1,6,GroupA,Canada,onsite,5,5.0,1
803533,1,4,GroupA,United States,hybrid,4,1.0,4
412726,1,2,GroupA,Canada,remote,7,4.0,4
254912,2,2,GroupB,United States,remote,6,3.0,3
469754,2,3,GroupA,India,hybrid,6,3.0,5
642935,1,1,GroupD,United States,hybrid,1,,5
632668,1,4,GroupA,United States,onsite,4,5.0,2
684884,3,8,GroupA,India,onsite,5,1.0,2
623559,2,3,GroupB,Canada,hybrid,2,5.0,4
179873,2,1,GroupA,Canada,remote,6,,5
713300,1,3,GroupA,India,hybrid,11,5.0,4
140161,2,2,GroupA,Canada,hybrid,7,4.0,5
508613,1,2,GroupA,Canada,remote,3,1.0,3
541001,1,1,GroupB,United States,hybrid,5,,4
120457,3,16,GroupA,Canada,remote,10,3.0,3
413062,1,4,GroupB,Canada,remote,7,4.0,4
249624,1,1,GroupA,India,hybrid,6,,5
540169,2,3,GroupA,India,remote,5,3.0,2
556354,2,5,GroupB,Canada,hybrid,6,4.0,1
921783,1,2,GroupA,Canada,remote,9,2.0,4
379633,2,6,GroupB,United States,remote,6,4.0,2
943684,1,1,GroupB,Canada,remote,5,,3
970163,2,12,GroupD,United States,hybrid,5,2.0,3
210695,1,4,GroupC,India,onsite,12,2.0,3
598971,4,5,GroupA,United States,onsite,5,4.0,1
193972,2,1,GroupA,Canada,remote,9,,5
368255,2,5,GroupA,United States,hybrid,4,3.0,1
950030,3,17,GroupD,United States,hybrid,4,4.0,4
205905,2,8,GroupB,Canada,hybrid,5,2.0,4
523995,1,1,GroupA,Canada,hybrid,13,,5
446307,1,1,GroupC,United States,hybrid,6,,2
521335,4,5,GroupC,United States,onsite,13,1.0,3
895091,1,3,GroupA,Canada,remote,12,3.0,2
202534,1,3,GroupC,United States,onsite,14,5.0,4
714343,4,6,GroupD,United States,hybrid,3,4.0,5
836727,1,2,GroupA,India,remote,16,5.0,4
528729,4,5,GroupA,Canada,hybrid,14,5.0,2
584429,1,4,GroupB,United States,remote,4,4.0,4
340804,2,5,GroupB,United States,hybrid,2,5.0,2
185440,4,16,GroupC,United States,onsite,9,5.0,2
431478,4,4,GroupC,United States,onsite,7,1.0,1
807350,1,8,GroupA,Canada,remote,3,4.0,4
348977,1,1,GroupB,Canada,hybrid,15,,2
509881,2,2,GroupB,Canada,remote,5,4.0,4
235444,3,2,GroupA,India,remote,10,5.0,4
973565,2,7,GroupA,Canada,remote,7,2.0,4
875116,3,4,GroupC,India,onsite,10,2.0,3
339806,3,3,GroupD,United States,hybrid,2,1.0,5
739602,1,3,GroupA,Canada,hybrid,7,1.0,5
230610,1,4,GroupC,India,onsite,11,3.0,2
583115,4,9,GroupA,United States,remote,15,4.0,2
326381,1,2,GroupC,United States,onsite,10,3.0,1
437457,2,4,GroupA,Canada,hybrid,5,4.0,5
505285,1,3,GroupC,India,onsite,14,1.0,2
816635,2,3,GroupC,United States,hybrid,11,5.0,1
317393,1,2,GroupC,United States,onsite,12,4.0,2
866511,2,2,GroupA,United States,hybrid,4,4.0,4
470221,1,4,GroupB,United States,hybrid,5,2.0,3
370405,1,6,GroupA,Canada,hybrid,7,3.0,1
988363,1,1,GroupA,Canada,hybrid,5,,5
354646,1,1,GroupA,Canada,onsite,8,,5
422712,1,3,GroupC,United States,onsite,9,1.0,3
317166,4,5,GroupA,Canada,remote,5,1.0,5
476957,1,1,GroupB,United States,onsite,5,,4
413396,1,3,GroupB,Canada,hybrid,4,4.0,3
335527,1,1,GroupA,United States,hybrid,4,,5
453711,3,5,GroupA,United States,onsite,15,4.0,3
613054,1,2,GroupB,United States,hybrid,10,3.0,1
541631,1,2,GroupA,Canada,hybrid,4,1.0,3
787637,1,4,GroupA,United States,hybrid,6,4.0,3
173943,2,7,GroupA,Canada,hybrid,7,1.0,3
307660,1,1,GroupA,Canada,hybrid,10,,2
448914,1,4,GroupC,United States,onsite,16,1.0,4
843617,2,2,GroupA,Canada,onsite,5,3.0,5
376260,1,2,GroupA,United States,hybrid,6,4.0,3
970500,4,7,GroupA,United States,hybrid,9,4.0,1
512203,1,1,GroupA,India,hybrid,6,,5
917525,2,1,GroupC,United States,hybrid,8,,5
713346,1,4,GroupA,Canada,hybrid,3,3.0,4
709616,1,4,GroupB,Canada,hybrid,10,3.0,3
539689,1,3,GroupB,United States,hybrid,3,3.0,3
810704,2,1,GroupC,India,onsite,9,,4
848490,1,1,GroupA,United States,remote,4,,2
314410,1,3,GroupC,United States,hybrid,10,3.0,5
444478,3,3,GroupC,India,hybrid,9,3.0,2
749200,1,7,GroupA,United States,onsite,10,5.0,5
951300,1,2,GroupA,India,hybrid,7,3.0,5
132718,1,2,GroupB,United States,onsite,1,1.0,5
616654,4,8,GroupC,India,onsite,12,4.0,1
500481,1,7,GroupA,Canada,onsite,5,5.0,3
941381,1,3,GroupA,United States,remote,3,5.0,2
807417,4,5,GroupB,United States,remote,20,4.0,1
364991,2,2,GroupB,United States,hybrid,6,1.0,4
400304,3,10,GroupA,United States,onsite,3,3.0,4
311451,3,4,GroupA,Canada,hybrid,15,2.0,5
604626,1,2,GroupA,Canada,remote,5,4.0,4
145935,1,1,GroupA,United States,hybrid,4,,2
895013,1,1,GroupA,India,hybrid,9,,2
588376,1,3,GroupB,United States,onsite,9,5.0,4
763684,1,1,GroupA,India,hybrid,6,,5
132094,2,2,GroupA,Canada,hybrid,8,3.0,3
821717,1,1,GroupA,United States,hybrid,3,,1
611451,1,1,GroupA,Canada,hybrid,5,,4
664711,1,2,GroupC,India,hybrid,14,4.0,1
255388,3,19,GroupC,United States,onsite,12,5.0,1
700981,2,1,GroupA,Canada,onsite,15,,5
693608,2,2,GroupA,India,hybrid,1,5.0,5
688927,4,6,GroupC,United States,onsite,12,3.0,1
929465,1,2,GroupB,Canada,remote,6,3.0,4
127993,3,4,GroupA,Canada,hybrid,8,2.0,1
812347,1,4,GroupB,Canada,remote,2,4.0,4
249195,1,1,GroupB,United States,hybrid,1,,1
202840,1,5,GroupB,United States,remote,6,4.0,2
658690,1,3,GroupB,United States,hybrid,18,2.0,3
649151,1,1,GroupB,Canada,hybrid,2,,5
946016,2,2,GroupA,United States,remote,3,4.0,4
444054,2,6,GroupA,India,remote,3,3.0,3
392834,1,8,GroupC,United States,onsite,8,4.0,4
628401,1,1,GroupB,United States,remote,4,,5
669820,1,1,GroupC,United States,onsite,12,,2
539797,1,2,GroupA,Canada,remote,8,2.0,4
195050,1,2,GroupA,India,onsite,6,5.0,4
153753,2,7,GroupB,Canada,onsite,5,1.0,2
707845,1,2,GroupB,United States,onsite,5,5.0,5
382778,1,2,GroupC,United States,hybrid,14,4.0,1
832306,1,2,GroupA,Canada,hybrid,3,4.0,4
189357,1,6,GroupC,United States,onsite,10,1.0,1
351732,2,5,GroupD,United States,remote,10,4.0,1
262304,1,2,GroupA,Canada,remote,4,4.0,4
717225,2,1,GroupC,United States,onsite,11,,1
300765,1,1,GroupA,India,hybrid,1,,5
999929,1,1,GroupB,United States,remote,5,,5
137770,3,3,GroupB,United States,onsite,4,5.0,2
247596,3,5,GroupA,Canada,onsite,5,3.0,3
958790,3,7,GroupA,United States,hybrid,1,3.0,4
263466,1,2,GroupA,United States,hybrid,6,4.0,5
266216,2,13,GroupC,India,onsite,13,4.0,2
331373,2,3,GroupA,India,hybrid,8,5.0,5
489865,1,3,GroupA,United States,remote,2,2.0,2
970601,4,5,GroupC,United States,onsite,8,3.0,1
370383,1,3,GroupA,United States,hybrid,5,5.0,5
720140,1,6,GroupA,Canada,onsite,8,4.0,1
203269,4,13,GroupB,United States,onsite,2,2.0,3
289811,2,1,GroupA,India,hybrid,4,,5
578649,1,5,GroupA,Canada,hybrid,5,2.0,3
973968,2,4,GroupB,United States,remote,5,4.0,1
546830,3,4,GroupA,United States,onsite,1,4.0,3
371493,1,1,GroupA,United States,hybrid,7,,1
847055,1,5,GroupA,India,remote,10,3.0,3
942368,4,7,GroupC,India,hybrid,11,2.0,1
603046,1,3,GroupA,United States,hybrid,5,1.0,4
304558,1,4,GroupB,Canada,onsite,7,4.0,4
805217,1,1,GroupB,United States,hybrid,10,,2
144286,1,4,GroupB,United States,hybrid,6,2.0,4
432319,1,5,GroupA,United States,hybrid,6,4.0,3
147431,2,4,GroupA,United States,hybrid,3,4.0,5
456922,1,4,GroupB,United States,hybrid,8,3.0,5
438692,1,3,GroupA,United States,onsite,5,5.0,5
476338,1,2,GroupB,United States,onsite,3,2.0,4
588353,2,3,GroupC,United States,onsite,11,3.0,3
557320,1,2,GroupB,United States,onsite,6,1.0,5
109448,1,5,GroupA,United States,hybrid,5,3.0,1
487061,1,2,GroupA,India,remote,6,5.0,3
729939,1,3,GroupA,United States,hybrid,4,1.0,4
654796,1,2,GroupA,United States,hybrid,7,4.0,5
111059,3,8,GroupA,United States,hybrid,2,4.0,2
151072,1,8,GroupA,India,remote,5,2.0,2
317193,1,2,GroupA,India,hybrid,1,5.0,3
585123,1,2,GroupA,India,hybrid,4,4.0,5
431556,1,2,GroupA,Canada,hybrid,11,1.0,4
665720,1,2,GroupA,Canada,hybrid,6,2.0,5
136474,1,1,GroupA,United States,hybrid,4,,5
675352,3,16,GroupA,Canada,onsite,6,4.0,4
569950,1,2,GroupC,United States,onsite,8,4.0,1
624113,1,2,GroupB,United States,onsite,1,3.0,5
527565,3,4,GroupA,United States,remote,4,5.0,5
905388,1,4,GroupC,United States,onsite,13,4.0,2
336049,2,1,GroupB,Canada,remote,3,,1
234930,1,3,GroupB,Canada,onsite,1,2.0,3
830522,1,3,GroupA,United States,hybrid,11,4.0,4
908199,3,1,GroupB,Canada,hybrid,8,,3
926634,3,5,GroupA,Canada,remote,5,2.0,3
240789,1,5,GroupA,United States,remote,8,3.0,4
657625,1,4,GroupA,United States,remote,7,4.0,5
247078,1,1,GroupB,United States,hybrid,5,,3
827694,2,8,GroupD,United States,hybrid,9,5.0,3
729294,1,2,GroupA,Canada,remote,6,1.0,4
984259,2,7,GroupB,Canada,remote,5,3.0,2
964512,2,9,GroupA,India,remote,1,3.0,3
199548,1,1,GroupC,United States,hybrid,12,,4
542558,3,17,GroupB,Canada,hybrid,20,3.0,4
802617,2,3,GroupA,India,hybrid,5,5.0,4
149498,4,3,GroupB,United States,hybrid,5,2.0,4
784621,2,3,GroupA,United States,onsite,11,4.0,4
490133,1,2,GroupA,Canada,remote,5,1.0,5
145719,1,4,GroupA,Canada,remote,5,4.0,5
508170,2,7,GroupB,United States,remote,5,4.0,4
425213,1,1,GroupB,Canada,hybrid,5,,4
287500,2,3,GroupC,India,onsite,6,3.0,2
703613,1,1,GroupA,Canada,hybrid,7,,3
442686,1,2,GroupC,India,hybrid,10,1.0,3
252660,1,2,GroupA,United States,hybrid,5,5.0,1
976507,2,6,GroupB,United States,hybrid,6,2.0,3
915226,1,1,GroupA,India,hybrid,9,,3
365780,2,5,GroupC,United States,onsite,12,2.0,2
812860,2,10,GroupD,United States,hybrid,5,5.0,2
454687,1,1,GroupB,United States,remote,2,,3
976171,2,3,GroupB,United States,remote,3,2.0,5
224679,1,3,GroupA,United States,remote,6,5.0,3
217850,1,1,GroupB,United States,remote,3,,4
456746,2,3,GroupB,United States,remote,3,5.0,3
830653,2,9,GroupA,India,onsite,6,2.0,3
644431,4,5,GroupA,Canada,hybrid,4,4.0,2
957525,3,8,GroupA,Canada,hybrid,2,5.0,5
674574,1,3,GroupA,India,remote,6,3.0,2
976082,1,4,GroupA,United States,onsite,5,5.0,3
519769,1,2,GroupA,United States,hybrid,2,2.0,1
486540,1,1,GroupC,United States,onsite,15,,3
275961,2,5,GroupC,India,onsite,11,5.0,3
593761,2,5,GroupC,India,onsite,1,3.0,2
101061,2,4,GroupB,United States,remote,5,3.0,5
264699,1,1,GroupC,India,onsite,12,,3
696418,1,2,GroupB,Canada,hybrid,3,5.0,2
687831,3,9,GroupC,United States,hybrid,7,1.0,1
568600,1,2,GroupA,Canada,remote,6,4.0,3
502339,1,6,GroupB,United States,hybrid,20,5.0,4
449818,2,2,GroupC,United States,hybrid,11,5.0,1
752253,2,2,GroupA,India,hybrid,7,1.0,5
262011,1,3,GroupB,United States,remote,2,4.0,2
306570,3,6,GroupA,Canada,remote,4,3.0,4
181718,2,2,GroupA,Canada,hybrid,1,1.0,4
105910,1,1,GroupD,United States,hybrid,1,,4
929167,1,3,GroupB,United States,onsite,9,3.0,3
646015,1,3,GroupA,United States,remote,4,3.0,5
620452,1,2,GroupC,United States,onsite,12,3.0,1
197802,1,1,GroupA,India,remote,10,,5
240686,2,7,GroupA,Canada,onsite,4,4.0,3
450645,4,7,GroupA,Canada,remote,3,1.0,5
994607,2,5,GroupC,India,onsite,16,2.0,1
331169,1,1,GroupB,United States,remote,10,,5
695835,3,5,GroupA,India,hybrid,8,1.0,5
271569,4,15,GroupB,United States,remote,6,4.0,3
327103,1,2,GroupA,United States,remote,4,5.0,5
474993,1,1,GroupA,United States,onsite,5,,4
341333,2,1,GroupA,India,onsite,10,,5
539077,3,4,GroupA,India,remote,4,3.0,4
883030,3,4,GroupB,United States,onsite,4,3.0,2
182301,4,5,GroupA,Canada,remote,1,3.0,1
552687,1,2,GroupA,India,remote,13,5.0,3
474656,1,2,GroupA,Canada,remote,1,5.0,5
724848,3,7,GroupA,Canada,hybrid,5,4.0,4
362648,1,1,GroupA,Canada,hybrid,4,,5
947847,1,4,GroupA,United States,remote,1,4.0,1
254665,3,8,GroupA,India,onsite,1,2.0,3
463424,2,6,GroupC,United States,onsite,11,2.0,3
195848,2,7,GroupC,United States,onsite,10,2.0,3
210407,2,7,GroupC,United States,onsite,13,3.0,1
636995,1,3,GroupA,United States,hybrid,11,5.0,4
281377,2,5,GroupA,Canada,remote,11,5.0,3
738551,1,6,GroupA,India,hybrid,6,3.0,3
123055,1,2,GroupB,United States,onsite,10,2.0,5
115544,1,3,GroupA,United States,hybrid,7,5.0,4
446720,1,6,GroupA,Canada,remote,6,4.0,4
136888,4,5,GroupB,United States,onsite,10,3.0,1
904835,3,10,GroupB,United States,hybrid,9,4.0,2
247841,2,1,GroupA,United States,hybrid,6,,2
235954,4,4,GroupC,India,onsite,8,1.0,4
756238,2,3,GroupA,Canada,hybrid,2,3.0,5
194187,4,5,GroupA,United States,hybrid,4,4.0,4
524691,2,11,GroupC,United States,onsite,14,1.0,1
265346,2,2,GroupC,United States,onsite,14,3.0,1
830961,2,12,GroupA,Canada,onsite,3,4.0,4
844601,2,6,GroupA,United States,hybrid,5,5.0,4
768261,1,2,GroupA,United States,onsite,3,1.0,4
318229,1,1,GroupA,United States,onsite,14,,5
915969,3,3,GroupA,United States,onsite,6,1.0,5
912504,1,2,GroupB,United States,onsite,4,2.0,3
226187,2,9,GroupB,Canada,hybrid,10,4.0,3
344418,1,5,GroupB,United States,hybrid,5,3.0,1
276086,3,3,GroupA,Canada,remote,12,4.0,3
353196,2,2,GroupA,India,onsite,4,4.0,3
904165,3,3,GroupA,India,remote,8,5.0,3
716161,2,2,GroupA,United States,hybrid,10,4.0,5
785175,3,6,GroupA,Canada,remote,1,4.0,4
881408,3,9,GroupA,Canada,onsite,4,5.0,1
262737,4,9,GroupA,India,hybrid,4,4.0,4
744808,1,1,GroupB,United States,hybrid,8,,3
739756,1,2,GroupB,United States,hybrid,5,4.0,5
182353,1,3,GroupC,India,onsite,1,2.0,1
976964,2,1,GroupC,India,hybrid,9,,1
764865,1,2,GroupC,United States,onsite,12,5.0,2
679061,2,1,GroupB,United States,onsite,1,,3
789786,2,3,GroupB,Canada,remote,3,3.0,4
860499,3,9,GroupA,Canada,onsite,2,1.0,1
200983,2,7,GroupA,United States,hybrid,8,4.0,4
476034,4,6,GroupA,India,onsite,7,1.0,2
485350,1,2,GroupC,United States,onsite,11,4.0,2
873865,3,5,GroupD,United States,remote,6,5.0,2
775536,1,1,GroupB,United States,onsite,3,,4
351045,4,9,GroupA,India,onsite,7,4.0,3
603749,1,1,GroupA,United States,hybrid,2,,3
742259,1,4,GroupA,India,remote,7,1.0,4
228718,1,3,GroupB,United States,hybrid,5,2.0,2
311803,2,3,GroupA,India,remote,5,2.0,5
337698,1,1,GroupA,United States,hybrid,7,,1
661537,1,4,GroupB,United States,hybrid,5,2.0,3
800961,1,2,GroupA,India,hybrid,6,5.0,2
685003,3,4,GroupC,India,onsite,11,3.0,3
765845,2,2,GroupB,United States,remote,5,4.0,4
914868,3,1,GroupA,United States,hybrid,6,,3
330739,2,1,GroupA,United States,remote,1,,1
590673,1,1,GroupA,Canada,hybrid,10,,2
114806,2,3,GroupC,United States,onsite,16,2.0,1
558181,1,2,GroupB,United States,hybrid,13,3.0,4
224232,2,1,GroupC,United States,onsite,8,,1
342685,1,4,GroupA,India,remote,8,5.0,4
188455,1,1,GroupA,India,hybrid,5,,5
371522,1,1,GroupA,United States,onsite,13,,5
695037,1,2,GroupD,United States,remote,2,5.0,3
593283,2,1,GroupB,United States,remote,6,,5
461049,1,1,GroupA,India,onsite,5,,5
762835,2,2,GroupA,India,remote,4,5.0,5
914957,1,4,GroupA,United States,remote,6,5.0,1
489631,4,5,GroupD,United States,hybrid,2,5.0,4
780574,3,3,GroupB,United States,remote,5,4.0,4
658433,2,11,GroupA,United States,remote,6,1.0,1
612962,3,5,GroupC,United States,onsite,7,5.0,1
952431,1,4,GroupC,United States,hybrid,14,3.0,2
473464,1,2,GroupA,Canada,remote,7,5.0,5
351350,3,8,GroupA,United States,hybrid,6,3.0,5
325698,1,8,GroupA,Canada,remote,12,1.0,2
262594,2,1,GroupA,United States,hybrid,4,,5
595325,1,2,GroupC,India,onsite,11,3.0,1
220477,1,1,GroupB,United States,onsite,8,,4
193227,1,1,GroupA,Canada,hybrid,6,,5
331796,3,2,GroupA,Canada,hybrid,5,2.0,3
971649,3,6,GroupA,India,hybrid,4,5.0,3
898395,3,5,GroupD,United States,remote,3,4.0,5
894024,3,4,GroupA,Canada,hybrid,2,4.0,5
972000,2,3,GroupB,Canada,hybrid,3,5.0,5
202270,2,7,GroupC,United States,onsite,15,2.0,5
537764,4,7,GroupA,India,hybrid,6,4.0,3
788898,2,1,GroupC,India,onsite,11,,2
142638,1,1,GroupB,United States,hybrid,6,,5
650820,2,8,GroupC,United States,hybrid,12,1.0,2
917914,1,5,GroupA,United States,hybrid,14,4.0,4
567747,2,8,GroupA,United States,hybrid,8,2.0,3
450778,1,1,GroupA,United States,hybrid,5,,2
928356,2,4,GroupA,United States,hybrid,10,3.0,4
668245,4,10,GroupA,United States,remote,5,3.0,1
822190,1,8,GroupA,India,remote,15,4.0,3
396857,1,4,GroupB,United States,hybrid,9,3.0,3
518147,1,3,GroupB,United States,hybrid,4,4.0,3
230362,2,1,GroupA,Canada,hybrid,7,,3
849109,1,2,GroupA,Canada,remote,5,4.0,3
842345,1,1,GroupA,United States,hybrid,4,,2
469335,2,2,GroupA,India,hybrid,1,4.0,5
123829,2,8,GroupA,India,onsite,10,5.0,1
763270,2,5,GroupA,United States,onsite,3,2.0,1
856830,2,4,GroupB,United States,hybrid,7,4.0,4
768361,1,3,GroupA,Canada,remote,4,3.0,5
420226,2,11,GroupA,India,onsite,4,2.0,2
657520,2,1,GroupA,United States,hybrid,5,,2
857557,2,14,GroupA,India,onsite,4,1.0,3
171400,2,1,GroupB,United States,onsite,10,,3
385721,1,2,GroupA,United States,remote,5,4.0,4
866658,2,3,GroupC,United States,onsite,12,4.0,5
164448,1,3,GroupA,India,hybrid,6,5.0,2
114309,1,2,GroupD,United States,hybrid,6,3.0,5
747683,2,9,GroupC,India,onsite,12,1.0,3
415452,1,3,GroupA,Canada,onsite,2,3.0,2
814076,2,2,GroupB,United States,onsite,9,5.0,2
336024,1,2,GroupA,United States,hybrid,5,5.0,5
362729,1,2,GroupA,United States,remote,15,3.0,4
578724,1,3,GroupA,India,hybrid,5,2.0,5
638393,3,4,GroupA,India,hybrid,9,4.0,5
745672,2,2,GroupB,Canada,onsite,1,5.0,5
864439,1,1,GroupB,United States,hybrid,1,,4
254018,2,1,GroupB,United States,hybrid,4,,2
692160,1,3,GroupC,India,onsite,14,1.0,1
874914,2,5,GroupC,United States,hybrid,10,1.0,2
873097,1,2,GroupA,India,hybrid,3,4.0,4
121688,3,2,GroupA,United States,hybrid,4,2.0,5
745940,1,3,GroupB,Canada,remote,3,5.0,4
885821,1,2,GroupA,India,hybrid,7,1.0,3
454143,3,6,GroupA,United States,hybrid,6,2.0,3
620793,3,5,GroupA,India,onsite,10,3.0,5
494112,3,3,GroupA,India,onsite,2,4.0,5
993574,1,3,GroupA,United States,hybrid,5,2.0,2
567932,2,9,GroupC,United States,onsite,11,1.0,1
687173,1,1,GroupB,Canada,remote,7,,4
144801,2,7,GroupA,Canada,hybrid,17,5.0,3
921894,2,1,GroupA,Canada,hybrid,8,,5
688679,2,4,GroupA,Canada,hybrid,4,1.0,5
999653,1,4,GroupC,India,onsite,9,1.0,2
929443,3,3,GroupA,United States,remote,7,1.0,5
191821,1,1,GroupA,Canada,remote,4,,4
443868,1,4,GroupA,Canada,onsite,5,4.0,3
723459,1,6,GroupC,United States,hybrid,15,3.0,2
514080,1,4,GroupA,United States,remote,4,4.0,5
960635,1,3,GroupC,India,hybrid,11,1.0,5
947010,3,1,GroupB,United States,hybrid,7,,1
488138,1,3,GroupB,United States,hybrid,3,5.0,4
460982,2,1,GroupA,India,hybrid,8,,4
468520,1,4,GroupA,India,hybrid,9,2.0,2
627770,2,1,GroupB,Canada,hybrid,1,,3
993670,1,4,GroupA,United States,remote,3,3.0,4
993938,4,8,GroupA,United States,hybrid,19,2.0,2
756694,1,3,GroupC,India,onsite,14,3.0,5
300040,3,4,GroupC,United States,onsite,9,2.0,3
842650,1,4,GroupB,United States,onsite,5,4.0,3
250251,1,2,GroupC,United States,onsite,13,3.0,2
909617,3,17,GroupC,United States,onsite,13,1.0,1
892518,1,1,GroupA,India,onsite,5,,5
820001,1,1,GroupB,Canada,hybrid,2,,3
215537,4,3,GroupC,United States,onsite,11,2.0,1
425370,2,2,GroupA,India,onsite,8,1.0,5
116996,1,3,GroupA,United States,remote,5,2.0,4
874204,1,3,GroupD,United States,hybrid,2,5.0,5
526238,3,13,GroupA,Canada,remote,9,1.0,1
298591,1,8,GroupA,India,remote,6,4.0,4
558929,1,1,GroupA,United States,onsite,6,,3
475441,1,1,GroupA,United States,onsite,4,,4
251465,2,2,GroupA,India,remote,5,5.0,4
374305,1,3,GroupB,Canada,remote,4,3.0,2
113249,2,2,GroupC,India,hybrid,14,1.0,1
267330,1,2,GroupC,United States,hybrid,11,3.0,1
534536,1,1,GroupC,United States,hybrid,13,,2
925943,2,1,GroupA,United States,hybrid,1,,4
591333,2,3,GroupB,United States,remote,9,4.0,4
837588,1,6,GroupA,India,remote,6,2.0,1
476177,1,1,GroupA,Canada,remote,6,,5
499199,1,1,GroupC,United States,onsite,11,,1
942729,2,2,GroupC,India,onsite,6,1.0,1
902387,1,5,GroupC,India,onsite,14,1.0,1
845334,1,1,GroupC,India,onsite,12,,5
738434,1,1,GroupA,India,hybrid,4,,2
849133,3,4,GroupA,United States,onsite,3,4.0,5
899009,2,6,GroupA,United States,onsite,3,1.0,3
107229,1,1,GroupA,United States,onsite,10,,2
402228,1,3,GroupB,United States,hybrid,10,5.0,5
886487,2,4,GroupA,India,hybrid,8,3.0,4
455862,2,5,GroupA,Canada,remote,5,4.0,5
201518,1,1,GroupC,United States,onsite,11,,2
114147,1,1,GroupA,United States,hybrid,7,,4
197048,1,4,GroupA,United States,remote,5,1.0,2
112218,2,1,GroupA,United States,onsite,4,,3
685395,3,8,GroupC,United States,onsite,13,1.0,2
396640,1,1,GroupA,Canada,hybrid,4,,3
740561,2,4,GroupD,United States,hybrid,1,3.0,4
425383,1,2,GroupB,United States,hybrid,4,4.0,5
160870,2,2,GroupC,India,onsite,10,3.0,5
939071,3,7,GroupB,United States,hybrid,5,1.0,3
626871,2,1,GroupA,United States,hybrid,3,,3
744145,1,3,GroupA,United States,hybrid,7,4.0,3
640313,4,5,GroupD,United States,hybrid,10,5.0,4
542696,2,3,GroupA,India,hybrid,7,4.0,4
378424,2,3,GroupC,India,onsite,11,2.0,2
619593,1,2,GroupD,United States,remote,10,5.0,3
974442,2,1,GroupB,United States,hybrid,3,,5
843097,2,3,GroupA,United States,remote,3,4.0,3
790677,3,5,GroupC,United States,onsite,11,3.0,1
249416,1,3,GroupA,United States,remote,4,4.0,3
637615,3,5,GroupB,Canada,hybrid,5,3.0,2
942809,2,5,GroupA,India,hybrid,11,4.0,4
140036,3,7,GroupB,United States,remote,3,3.0,1
741427,1,2,GroupC,United States,onsite,15,5.0,3
851142,1,2,GroupA,Canada,onsite,5,4.0,5
569903,2,2,GroupB,United States,onsite,3,3.0,4
809251,2,2,GroupB,United States,onsite,9,3.0,5
231473,3,16,GroupA,United States,remote,3,2.0,1
317840,1,2,GroupA,India,hybrid,4,3.0,3
685924,1,1,GroupA,India,remote,6,,3
809803,2,4,GroupA,Canada,hybrid,6,4.0,3
704557,1,5,GroupD,United States,remote,3,4.0,3
986562,1,3,GroupC,India,onsite,13,4.0,4
471256,1,2,GroupA,United States,remote,10,4.0,5
897165,1,2,GroupB,United States,hybrid,3,4.0,2
992589,1,2,GroupC,India,onsite,3,1.0,1
523851,1,1,GroupC,United States,onsite,10,,3
435058,3,6,GroupA,Canada,hybrid,6,4.0,3
632546,1,4,GroupB,United States,hybrid,4,4.0,3
741278,1,1,GroupA,United States,onsite,5,,4
470977,1,2,GroupA,Canada,hybrid,5,2.0,4
173571,2,1,GroupB,United States,remote,7,,5
328600,4,5,GroupC,United States,onsite,16,1.0,1
278109,1,1,GroupA,United States,hybrid,1,,1
884310,1,2,GroupA,United States,onsite,6,5.0,5
762573,1,1,GroupA,India,remote,3,,1
116032,3,8,GroupB,United States,onsite,9,2.0,4
923429,3,4,GroupA,Canada,remote,6,3.0,4
920605,2,2,GroupD,United States,remote,5,5.0,1
575743,2,2,GroupB,United States,hybrid,6,2.0,2
128620,2,10,GroupA,India,remote,5,3.0,2
724332,1,1,GroupC,India,hybrid,11,,1
943834,2,1,GroupA,India,hybrid,4,,3
458889,1,2,GroupA,United States,remote,9,5.0,2
142516,2,1,GroupA,Canada,remote,7,,5
951788,2,3,GroupA,United States,hybrid,2,2.0,3
765652,1,3,GroupD,United States,hybrid,2,5.0,5
332473,2,8,GroupC,India,onsite,13,1.0,1
792088,3,9,GroupA,United States,hybrid,7,2.0,3
620126,2,2,GroupA,United States,onsite,5,5.0,5
388058,1,3,GroupB,Canada,onsite,1,4.0,4
364960,1,6,GroupA,United States,hybrid,4,2.0,2
546093,2,3,GroupA,United States,hybrid,9,3.0,3
378668,1,3,GroupB,Canada,hybrid,5,3.0,3
924893,2,2,GroupA,Canada,hybrid,10,1.0,1
841752,1,3,GroupA,Canada,hybrid,3,2.0,4
122782,2,4,GroupA,United States,onsite,9,3.0,3
979322,1,2,GroupA,United States,hybrid,4,1.0,4
865581,3,8,GroupB,United States,hybrid,7,2.0,2
502555,1,4,GroupC,United States,onsite,12,1.0,4
712557,3,3,GroupD,United States,remote,2,2.0,4
813792,1,2,GroupB,United States,hybrid,1,4.0,5
600606,2,2,GroupA,United States,remote,5,2.0,2
840694,1,3,GroupA,United States,onsite,6,4.0,5
646678,1,2,GroupB,United States,hybrid,6,3.0,3
921159,1,1,GroupA,India,remote,20,,5
914848,1,1,GroupA,United States,onsite,4,,5
771236,2,1,GroupA,Canada,remote,1,,4
223861,1,2,GroupA,India,hybrid,5,3.0,3
201322,2,3,GroupA,Canada,hybrid,3,1.0,3
212244,3,6,GroupA,Canada,remote,10,4.0,5
165395,4,6,GroupA,United States,remote,5,5.0,3
932471,1,3,GroupA,India,hybrid,10,4.0,3
329359,1,2,GroupC,India,onsite,10,2.0,2
599748,2,4,GroupC,India,onsite,8,3.0,2
428614,2,2,GroupB,United States,hybrid,17,3.0,1
617553,2,6,GroupB,Canada,remote,6,4.0,4
230597,2,4,GroupA,Canada,onsite,1,4.0,5
266772,1,2,GroupB,United States,hybrid,5,3.0,4
109407,2,2,GroupB,Canada,onsite,4,2.0,5
182914,1,6,GroupB,United States,hybrid,8,4.0,1
883311,2,5,GroupC,United States,onsite,11,1.0,2
562733,3,5,GroupB,United States,hybrid,16,1.0,1
979789,3,4,GroupA,Canada,remote,10,4.0,4
600506,3,4,GroupA,United States,onsite,10,3.0,4
440442,3,5,GroupC,United States,onsite,15,2.0,2
979148,1,1,GroupB,United States,hybrid,7,,3
506076,3,5,GroupC,India,onsite,2,4.0,3
670603,3,3,GroupB,United States,onsite,7,4.0,4
493815,1,3,GroupD,United States,remote,8,5.0,4
737800,2,2,GroupC,United States,onsite,10,4.0,2
773073,3,7,GroupC,United States,hybrid,12,2.0,3
968744,4,9,GroupA,United States,remote,4,4.0,3
796228,1,1,GroupA,Canada,remote,8,,3
829784,4,6,GroupC,India,onsite,11,4.0,1
106752,1,4,GroupC,United States,onsite,12,2.0,1
258561,1,1,GroupA,United States,hybrid,4,,3
628101,1,1,GroupB,United States,hybrid,6,,5
319011,2,6,GroupA,United States,hybrid,6,5.0,3
758311,1,2,GroupA,United States,hybrid,6,5.0,2
378037,1,2,GroupA,United States,remote,6,2.0,4
156788,1,1,GroupB,United States,hybrid,4,,2
822082,1,1,GroupA,United States,hybrid,5,,4
227511,1,2,GroupB,United States,hybrid,6,5.0,3
156560,2,5,GroupA,Canada,hybrid,6,1.0,3
853401,1,2,GroupA,Canada,hybrid,8,3.0,3
351794,2,1,GroupB,United States,hybrid,11,,5
459463,1,2,GroupA,United States,remote,7,5.0,5
280959,3,8,GroupB,United States,onsite,4,4.0,2
420142,1,1,GroupA,India,remote,1,,5
524370,3,9,GroupA,India,remote,7,2.0,3
734227,2,5,GroupA,India,remote,17,4.0,4
143476,1,1,GroupA,United States,remote,5,,2
297425,2,2,GroupA,United States,hybrid,4,4.0,3
762816,2,2,GroupC,United States,onsite,10,1.0,1
433373,1,3,GroupB,United States,remote,3,4.0,2
282593,1,2,GroupC,India,onsite,10,1.0,2
857000,2,4,GroupC,United States,onsite,13,3.0,3
710820,3,16,GroupC,United States,onsite,13,2.0,4
106735,2,3,GroupA,United States,remote,2,2.0,4
359921,1,2,GroupC,United States,onsite,18,1.0,1
411797,3,4,GroupA,India,onsite,5,4.0,3
401788,2,6,GroupA,United States,hybrid,10,1.0,3
431985,1,1,GroupC,United States,hybrid,14,,2
370762,1,2,GroupD,United States,remote,5,5.0,3
405230,1,1,GroupA,United States,hybrid,4,,5
370147,1,2,GroupA,India,onsite,5,3.0,5
231980,1,1,GroupB,United States,hybrid,7,,4
948300,1,1,GroupA,Canada,remote,4,,5
961611,2,1,GroupA,Canada,remote,3,,5
986128,2,1,GroupC,United States,onsite,13,,1
557251,1,3,GroupA,India,onsite,7,2.0,5
604711,3,3,GroupC,United States,onsite,16,2.0,3
250919,2,3,GroupA,United States,hybrid,5,4.0,3
762714,2,4,GroupA,United States,hybrid,17,4.0,5
382719,1,2,GroupC,United States,onsite,14,4.0,2
473852,1,1,GroupA,United States,hybrid,8,,5
236102,1,5,GroupA,United States,onsite,5,2.0,2
815240,1,1,GroupD,United States,hybrid,6,,4
619521,1,1,GroupA,Canada,remote,7,,5
333641,1,3,GroupB,United States,remote,9,2.0,2
248626,1,3,GroupA,India,hybrid,9,5.0,4
752050,1,1,GroupA,United States,hybrid,9,,5
622868,1,1,GroupC,United States,hybrid,13,,5
654914,2,1,GroupA,United States,remote,1,,5
319120,1,1,GroupA,Canada,onsite,8,,4
765170,2,12,GroupA,United States,onsite,1,5.0,3
118694,1,1,GroupA,Canada,remote,8,,5
985050,1,2,GroupB,United States,onsite,5,3.0,4
242974,2,9,GroupA,United States,remote,10,4.0,1
878931,2,4,GroupA,Canada,onsite,5,4.0,5
176767,1,1,GroupD,United States,remote,2,,5
346941,2,1,GroupC,India,hybrid,10,,3
572499,2,5,GroupA,Canada,hybrid,5,4.0,3
728229,1,2,GroupC,United States,onsite,10,3.0,3
830696,1,2,GroupB,United States,onsite,6,5.0,3
965781,2,8,GroupC,United States,onsite,12,1.0,3
170022,2,5,GroupB,Canada,hybrid,5,1.0,2
734632,1,4,GroupA,Canada,onsite,7,3.0,4
693534,1,2,GroupA,Canada,remote,4,3.0,5
203202,1,4,GroupC,India,onsite,8,2.0,2
343047,2,1,GroupC,United States,hybrid,9,,2
311485,4,2,GroupD,United States,hybrid,2,4.0,1
367300,3,4,GroupA,India,remote,1,2.0,5
743254,1,1,GroupB,Canada,hybrid,8,,5
843259,1,4,GroupC,United States,hybrid,9,2.0,3
874861,1,2,GroupC,India,onsite,12,2.0,4
913215,3,3,GroupA,India,hybrid,3,2.0,5
357577,1,1,GroupC,United States,hybrid,9,,3
117801,1,3,GroupD,United States,remote,5,3.0,5
605704,2,3,GroupC,United States,hybrid,15,5.0,3
459109,2,14,GroupA,United States,hybrid,10,3.0,2
918434,2,2,GroupB,Canada,remote,2,4.0,1
659129,1,2,GroupC,India,onsite,11,2.0,3
622653,3,5,GroupC,India,onsite,20,3.0,2
103389,1,2,GroupC,United States,onsite,8,4.0,4
299711,1,3,GroupB,United States,remote,6,4.0,2
532056,1,2,GroupC,United States,onsite,14,1.0,2
287355,2,2,GroupA,United States,hybrid,6,4.0,4
411637,3,6,GroupA,United States,hybrid,5,5.0,4
133334,3,7,GroupA,India,remote,6,4.0,3
430000,1,1,GroupA,Canada,hybrid,10,,3
751036,2,4,GroupB,Canada,remote,12,5.0,2
610165,2,1,GroupA,India,hybrid,5,,3
281795,1,1,GroupB,United States,hybrid,6,,4
628023,1,1,GroupB,United States,remote,7,,4
220228,3,4,GroupB,United States,hybrid,4,5.0,3
349130,1,4,GroupC,India,hybrid,11,2.0,2
963774,4,7,GroupA,United States,hybrid,8,2.0,5
651009,1,1,GroupB,United States,hybrid,2,,5
332058,1,2,GroupA,United States,onsite,3,4.0,4
499524,1,6,GroupC,India,onsite,12,1.0,1
217338,1,2,GroupA,United States,onsite,6,5.0,5
351715,1,2,GroupB,United States,hybrid,5,3.0,3
759890,1,3,GroupC,India,onsite,13,3.0,3
116454,4,11,GroupA,United States,onsite,6,4.0,2
265376,1,1,GroupA,United States,onsite,3,,4
733843,2,5,GroupB,United States,hybrid,5,4.0,3
709663,1,4,GroupB,Canada,hybrid,7,2.0,4
552465,1,1,GroupB,United States,hybrid,9,,4
435747,1,2,GroupC,United States,onsite,14,1.0,3
235077,2,1,GroupC,India,onsite,12,,3
265893,2,5,GroupA,United States,hybrid,9,4.0,5
366793,1,5,GroupA,Canada,hybrid,17,5.0,4
613275,1,1,GroupC,United States,onsite,12,,1
528798,1,3,GroupA,Canada,hybrid,5,5.0,5
323826,2,2,GroupC,United States,onsite,11,4.0,4
800902,1,3,GroupA,United States,remote,6,5.0,4
184650,1,6,GroupC,United States,onsite,9,2.0,2
460647,2,3,GroupA,United States,onsite,5,1.0,3
308033,3,9,GroupA,Canada,onsite,2,5.0,4
504258,1,1,GroupC,United States,onsite,12,,2
217886,1,2,GroupC,India,onsite,10,1.0,1
878811,1,1,GroupC,United States,onsite,11,,2
207328,1,2,GroupA,United States,remote,8,4.0,5
960522,3,13,GroupB,United States,onsite,4,4.0,4
502523,1,3,GroupB,United States,hybrid,3,3.0,5
934272,1,3,GroupB,United States,onsite,9,5.0,2
483763,2,1,GroupC,United States,onsite,13,,1
350074,1,2,GroupA,Canada,hybrid,5,1.0,5
768844,1,1,GroupD,United States,hybrid,5,,4
652928,2,2,GroupA,United States,hybrid,3,3.0,4
301268,3,10,GroupA,Canada,remote,3,5.0,2
583200,3,9,GroupA,Canada,onsite,1,5.0,5
135251,1,1,GroupC,United States,onsite,13,,3
851249,3,5,GroupA,Canada,hybrid,6,4.0,3
916133,2,1,GroupC,India,onsite,13,,3
218800,1,2,GroupB,United States,remote,6,4.0,4
550823,1,2,GroupA,United States,remote,7,2.0,5
315909,1,1,GroupA,India,hybrid,10,,4
541502,1,2,GroupC,United States,onsite,14,3.0,2
858722,4,4,GroupA,United States,remote,4,4.0,1
727583,2,8,GroupA,Canada,hybrid,6,5.0,2
968287,2,14,GroupA,India,hybrid,4,5.0,4
814087,1,1,GroupB,United States,hybrid,4,,3
871371,3,16,GroupB,United States,hybrid,3,4.0,1
671220,2,2,GroupA,Canada,hybrid,7,2.0,5
973083,2,3,GroupB,United States,hybrid,3,4.0,5
348094,2,3,GroupB,United States,onsite,7,5.0,5
292879,1,2,GroupA,United States,hybrid,5,4.0,2
391214,3,6,GroupA,Canada,hybrid,8,5.0,5
389185,2,8,GroupA,India,onsite,3,1.0,1
286271,1,2,GroupA,United States,onsite,7,4.0,3
243454,3,6,GroupA,Canada,hybrid,8,4.0,5
953458,1,2,GroupC,United States,onsite,10,3.0,1
300492,1,1,GroupC,United States,onsite,16,,3
328455,1,2,GroupA,United States,hybrid,4,3.0,2
776318,1,3,GroupA,United States,hybrid,7,2.0,5
858599,1,6,GroupA,United States,hybrid,3,2.0,4
574826,1,1,GroupA,United States,hybrid,16,,4
227456,2,9,GroupA,United States,hybrid,6,3.0,2
457429,1,2,GroupB,United States,hybrid,4,4.0,5
228853,2,5,GroupB,United States,remote,3,3.0,4
281829,1,1,GroupB,United States,hybrid,4,,5
492102,3,5,GroupB,United States,hybrid,4,4.0,3
205592,1,3,GroupB,United States,hybrid,4,3.0,4
242140,1,4,GroupB,United States,hybrid,5,1.0,3
543798,2,3,GroupA,Canada,remote,4,3.0,4
909676,1,3,GroupA,United States,hybrid,1,1.0,5
633619,1,1,GroupB,Canada,hybrid,8,,1
279707,2,2,GroupA,India,remote,2,5.0,3
504087,3,1,GroupA,India,onsite,4,,5
113045,2,8,GroupB,United States,hybrid,6,1.0,4
865233,2,13,GroupB,United States,hybrid,8,3.0,1
491325,4,6,GroupA,Canada,hybrid,6,5.0,4
769372,2,3,GroupA,United States,hybrid,4,5.0,4
210403,2,2,GroupA,United States,hybrid,5,2.0,5
895959,1,3,GroupA,India,remote,7,5.0,4
870442,1,1,GroupA,United States,hybrid,8,,5
397293,1,3,GroupA,United States,hybrid,7,5.0,4
409045,1,3,GroupC,United States,onsite,12,3.0,2
502804,1,2,GroupB,Canada,hybrid,7,4.0,3
162500,1,1,GroupB,United States,hybrid,5,,3
344917,2,3,GroupC,India,onsite,13,5.0,5
122906,3,3,GroupB,United States,hybrid,5,4.0,5
686989,2,4,GroupD,United States,hybrid,2,2.0,2
892183,1,1,GroupA,Canada,hybrid,1,,3
394063,3,4,GroupC,United States,onsite,10,3.0,3
892052,2,4,GroupA,United States,hybrid,5,5.0,2
776269,2,1,GroupC,United States,onsite,11,,5
750258,3,3,GroupC,India,onsite,14,2.0,5
904638,1,3,GroupA,Canada,onsite,19,1.0,5
575473,2,1,GroupC,United States,onsite,11,,1
503500,2,1,GroupA,India,remote,8,,2
547927,1,3,GroupA,United States,remote,6,4.0,4
816700,1,2,GroupB,United States,onsite,2,4.0,3
288975,1,5,GroupA,United States,hybrid,6,2.0,1
718451,2,1,GroupA,United States,hybrid,5,,4
277453,1,2,GroupC,India,onsite,10,1.0,2
938260,4,4,GroupC,India,hybrid,14,1.0,2
916369,1,2,GroupC,India,onsite,9,1.0,1
633721,2,4,GroupB,United States,remote,5,5.0,4
221794,1,2,GroupA,Canada,onsite,5,4.0,5
512346,1,3,GroupB,United States,hybrid,5,4.0,4
893983,1,3,GroupA,United States,remote,6,4.0,5
938170,2,3,GroupD,United States,hybrid,4,4.0,4
696223,1,6,GroupA,United States,onsite,5,4.0,1
374734,1,2,GroupA,Canada,hybrid,6,4.0,5
642009,1,2,GroupA,Canada,hybrid,13,4.0,5
463168,2,5,GroupC,United States,onsite,7,1.0,2
432284,2,5,GroupC,India,hybrid,10,3.0,3
339392,2,9,GroupD,United States,remote,2,5.0,3
352748,1,2,GroupA,United States,hybrid,7,5.0,4
189524,2,8,GroupC,India,hybrid,12,5.0,1
806954,2,6,GroupA,United States,hybrid,4,2.0,2
355004,1,1,GroupA,Canada,onsite,8,,5
354634,1,4,GroupB,United States,remote,3,5.0,3
837047,1,3,GroupA,United States,hybrid,6,4.0,4
731623,2,4,GroupA,India,remote,4,5.0,4
516346,1,1,GroupA,India,remote,1,,3
365517,1,1,GroupA,Canada,hybrid,6,,4
648897,3,9,GroupC,United States,onsite,19,2.0,3
172370,1,1,GroupB,United States,onsite,8,,4
581105,1,2,GroupA,Canada,hybrid,14,5.0,3
126787,2,2,GroupA,Canada,hybrid,20,1.0,4
302216,1,3,GroupA,United States,onsite,14,2.0,3
806440,2,3,GroupA,United States,remote,6,5.0,4
208693,1,2,GroupA,India,onsite,8,1.0,3
188769,3,4,GroupA,Canada,hybrid,7,4.0,4
746657,1,1,GroupB,Canada,hybrid,2,,3
106298,4,6,GroupB,Canada,hybrid,6,5.0,3
469626,3,2,GroupA,United States,remote,5,2.0,5
529897,1,2,GroupA,India,onsite,8,3.0,4
664059,2,4,GroupB,United States,onsite,7,4.0,4
782069,2,14,GroupA,Canada,hybrid,9,4.0,4
492677,3,13,GroupC,India,onsite,13,3.0,1
595077,2,8,GroupA,Canada,hybrid,13,5.0,4
239148,3,4,GroupD,United States,hybrid,2,2.0,2
868530,2,4,GroupA,Canada,onsite,6,3.0,5
634865,1,6,GroupC,United States,onsite,11,3.0,4
687797,3,7,GroupB,United States,onsite,9,5.0,5
589421,2,9,GroupB,United States,hybrid,3,2.0,4
666860,1,3,GroupA,United States,remote,2,3.0,4
630716,1,1,GroupA,Canada,hybrid,4,,4
964116,1,2,GroupC,India,hybrid,16,3.0,1
256036,1,2,GroupB,Canada,hybrid,6,3.0,5
195679,3,10,GroupA,United States,hybrid,4,5.0,1
959197,1,3,GroupC,United States,onsite,10,3.0,4
270956,2,8,GroupA,India,hybrid,1,5.0,4
766143,2,3,GroupA,United States,remote,7,2.0,4
190701,2,2,GroupA,India,hybrid,5,4.0,3
911854,1,4,GroupC,United States,onsite,7,1.0,1
758480,1,1,GroupC,India,onsite,14,,4
198259,2,5,GroupA,Canada,hybrid,3,5.0,3
197018,3,10,GroupA,Canada,remote,5,5.0,2
374231,1,3,GroupA,India,onsite,5,1.0,4
901329,1,3,GroupC,United States,onsite,14,1.0,4
489359,2,3,GroupB,United States,remote,3,2.0,4
359897,4,9,GroupA,India,remote,16,1.0,3
308145,3,6,GroupA,India,hybrid,1,4.0,5
690938,3,5,GroupA,Canada,remote,2,3.0,2
384490,1,1,GroupB,United States,remote,8,,5
179256,1,2,GroupA,India,remote,13,5.0,4
674383,1,3,GroupC,United States,hybrid,11,2.0,3
184072,1,8,GroupA,United States,remote,6,3.0,4
440937,2,2,GroupB,United States,remote,5,4.0,5
485316,3,5,GroupA,United States,hybrid,6,5.0,4
892695,1,2,GroupA,India,remote,6,2.0,5
302256,1,1,GroupA,United States,hybrid,11,,2
354433,3,9,GroupA,United States,hybrid,5,5.0,3
432550,2,9,GroupA,United States,remote,2,2.0,4
808083,1,3,GroupA,United States,hybrid,6,5.0,4
152188,2,7,GroupC,India,onsite,9,4.0,2
804207,1,1,GroupA,United States,hybrid,8,,5
735808,3,4,GroupA,India,remote,3,4.0,4
756161,2,6,GroupA,India,remote,11,4.0,2
311032,3,11,GroupA,United States,remote,5,4.0,2
949385,3,6,GroupA,United States,hybrid,3,2.0,4
249656,3,6,GroupC,United States,onsite,12,2.0,5
115932,1,2,GroupC,United States,onsite,10,3.0,5
261353,3,1,GroupD,United States,hybrid,1,,5
737868,1,7,GroupC,United States,onsite,9,1.0,2
765240,1,1,GroupA,United States,hybrid,5,,1
630910,2,3,GroupA,United States,remote,3,2.0,4
471235,3,11,GroupA,Canada,onsite,9,1.0,1
571795,3,2,GroupA,United States,hybrid,6,4.0,5
888830,2,3,GroupB,Canada,onsite,7,1.0,5
906972,3,5,GroupB,United States,remote,7,3.0,4
787034,1,4,GroupC,India,onsite,15,1.0,2
751314,1,2,GroupB,United States,hybrid,5,3.0,5
279657,3,2,GroupB,United States,remote,3,3.0,5
631432,1,5,GroupA,Canada,hybrid,17,4.0,2
724396,2,1,GroupA,United States,hybrid,6,,5
620455,1,1,GroupB,United States,remote,5,,4
695033,2,5,GroupB,United States,remote,6,2.0,4
584453,1,7,GroupB,United States,hybrid,5,2.0,4
355759,3,2,GroupA,Canada,hybrid,3,5.0,4
714984,2,4,GroupA,Canada,remote,4,3.0,4
564088,3,8,GroupA,Canada,remote,5,4.0,3
353867,2,1,GroupA,India,onsite,3,,4
407659,2,1,GroupD,United States,hybrid,4,,5
389023,2,8,GroupC,United States,onsite,14,2.0,3
410972,4,7,GroupA,India,remote,5,2.0,5
355169,2,4,GroupC,United States,hybrid,12,3.0,1
632152,2,6,GroupC,United States,onsite,14,2.0,2
173890,1,5,GroupB,Canada,hybrid,3,1.0,5
476614,3,3,GroupB,United States,remote,3,5.0,4
478558,2,6,GroupC,United States,onsite,13,5.0,2
748180,2,1,GroupA,Canada,hybrid,6,,5
868485,1,2,GroupA,United States,remote,4,5.0,5
701455,2,2,GroupC,India,onsite,9,5.0,4
594335,3,7,GroupC,United States,onsite,8,2.0,1
103557,1,1,GroupA,United States,hybrid,11,,2
748791,3,6,GroupB,Canada,hybrid,3,1.0,4
951724,1,4,GroupA,United States,hybrid,5,1.0,4
780804,1,3,GroupB,United States,remote,7,2.0,2
524604,1,4,GroupD,United States,remote,9,5.0,4
256048,1,3,GroupA,Canada,hybrid,5,5.0,4
285689,1,6,GroupA,India,hybrid,4,3.0,3
891274,1,4,GroupA,United States,hybrid,7,1.0,3
101198,1,1,GroupA,India,hybrid,4,,3
725781,3,4,GroupA,Canada,remote,5,4.0,5
479209,1,6,GroupA,Canada,hybrid,11,4.0,3
696585,1,2,GroupA,United States,hybrid,7,4.0,2
126388,2,13,GroupB,Canada,hybrid,9,1.0,5
786136,2,4,GroupB,United States,onsite,7,2.0,5
686076,1,3,GroupB,United States,remote,3,3.0,4
245182,1,1,GroupC,India,onsite,8,,1
616586,3,6,GroupB,United States,onsite,4,1.0,4
575961,2,7,GroupA,United States,hybrid,4,5.0,5
957744,2,3,GroupA,United States,remote,3,3.0,5
753698,1,2,GroupA,United States,onsite,6,2.0,5
828600,1,3,GroupC,India,onsite,13,1.0,1
246089,1,4,GroupA,India,remote,7,5.0,3
567337,1,2,GroupC,India,onsite,13,4.0,2
788788,1,2,GroupC,United States,onsite,14,1.0,2
240463,1,7,GroupA,United States,hybrid,3,5.0,4
313295,2,5,GroupD,United States,remote,1,3.0,4
706487,1,1,GroupA,India,hybrid,6,,5
916375,1,2,GroupA,India,hybrid,6,2.0,5
475427,1,1,GroupC,India,onsite,14,,1
393583,1,4,GroupB,United States,hybrid,8,4.0,3
297913,2,8,GroupA,Canada,onsite,2,1.0,1
905038,1,4,GroupA,Canada,hybrid,10,4.0,3
451556,2,2,GroupA,United States,remote,3,2.0,3
825378,1,1,GroupA,India,hybrid,6,,5
295899,2,1,GroupA,India,hybrid,7,,5
535831,3,6,GroupA,India,onsite,4,4.0,3
386126,1,1,GroupB,Canada,hybrid,1,,5
574615,1,2,GroupA,Canada,onsite,14,4.0,3
606610,1,5,GroupA,United States,hybrid,6,2.0,4
455995,3,7,GroupB,United States,hybrid,4,4.0,5
786426,1,5,GroupB,United States,hybrid,4,3.0,5
778726,1,3,GroupB,Canada,remote,4,2.0,2
480924,3,5,GroupB,United States,remote,6,2.0,4
439029,1,3,GroupB,United States,remote,4,5.0,2
942090,1,1,GroupA,United States,remote,6,,4
500303,1,1,GroupA,United States,remote,3,,3
855837,3,9,GroupC,India,onsite,19,1.0,2
138080,2,1,GroupB,United States,onsite,6,,5
957068,2,8,GroupC,India,onsite,14,4.0,1
529816,2,1,GroupA,United States,hybrid,5,,4
513420,2,2,GroupA,United States,onsite,9,3.0,3
487023,1,1,GroupB,United States,hybrid,7,,4
204228,2,4,GroupB,United States,hybrid,4,4.0,5
596736,1,8,GroupB,United States,onsite,8,3.0,2
502317,1,1,GroupC,United States,onsite,14,,2
597602,1,4,GroupC,United States,onsite,13,1.0,2
793330,2,2,GroupA,Canada,remote,6,4.0,5
231176,2,4,GroupB,Canada,hybrid,8,3.0,2
501308,1,2,GroupB,Canada,onsite,5,2.0,4
376552,2,2,GroupB,United States,remote,4,1.0,4
793242,1,2,GroupB,United States,hybrid,4,5.0,2
339396,2,1,GroupA,India,hybrid,2,,4
247513,1,2,GroupC,United States,onsite,10,4.0,5
101567,2,1,GroupB,United States,remote,18,,3
350736,2,2,GroupA,United States,hybrid,4,1.0,4
568418,2,3,GroupA,India,remote,6,2.0,4
879429,1,2,GroupA,United States,hybrid,5,3.0,4
567651,1,5,GroupA,India,remote,5,5.0,5
120133,3,3,GroupA,United States,hybrid,1,2.0,2
817427,3,2,GroupB,United States,hybrid,5,4.0,4
609781,1,3,GroupB,Canada,remote,4,5.0,5
946110,2,3,GroupA,Canada,remote,3,1.0,4
566604,3,2,GroupB,United States,remote,6,5.0,5
354458,2,2,GroupD,United States,remote,2,4.0,4
814190,1,5,GroupC,United States,onsite,18,4.0,3
938234,1,4,GroupA,India,remote,5,2.0,4
164007,1,6,GroupA,Canada,remote,10,4.0,4
637301,1,2,GroupB,United States,onsite,1,2.0,4
337247,2,1,GroupA,United States,remote,2,,4
450686,2,1,GroupC,United States,onsite,8,,3
657739,3,6,GroupD,United States,hybrid,2,3.0,2
125469,1,1,GroupA,United States,remote,5,,2
577652,3,5,GroupC,United States,onsite,13,1.0,2
699572,1,2,GroupB,United States,onsite,3,4.0,5
852996,3,16,GroupB,Canada,remote,7,3.0,2
883157,3,6,GroupA,United States,onsite,9,3.0,4
161009,3,5,GroupA,India,hybrid,3,1.0,3
526034,1,1,GroupA,United States,remote,6,,4
696908,3,7,GroupA,United States,hybrid,3,5.0,4
730952,1,2,GroupB,United States,onsite,8,2.0,5
939014,1,3,GroupA,India,hybrid,7,5.0,5
182365,1,3,GroupA,India,hybrid,5,5.0,5
397162,2,7,GroupB,United States,remote,7,2.0,4
892031,1,4,GroupC,India,onsite,9,1.0,1
617413,4,9,GroupB,United States,remote,4,2.0,5
586412,2,5,GroupA,United States,remote,4,3.0,3
995373,1,2,GroupB,United States,hybrid,5,4.0,4
989435,2,10,GroupA,United States,hybrid,5,2.0,1
396482,2,1,GroupC,India,onsite,12,,5
919491,2,7,GroupB,United States,onsite,3,2.0,4
691832,1,3,GroupA,India,onsite,5,4.0,3
725568,2,7,GroupA,India,onsite,3,4.0,2
502607,2,5,GroupB,United States,onsite,8,2.0,2
785027,2,4,GroupB,Canada,hybrid,5,4.0,5
678061,2,2,GroupB,United States,remote,4,4.0,2
609802,4,2,GroupD,United States,remote,1,4.0,5
149317,3,4,GroupB,United States,hybrid,4,3.0,5
173404,1,2,GroupA,United States,hybrid,5,5.0,4
737083,2,3,GroupA,Canada,hybrid,1,1.0,4
103922,1,1,GroupA,United States,onsite,8,,2
608524,1,4,GroupA,India,hybrid,10,5.0,3
575782,1,1,GroupB,Canada,hybrid,3,,5
186374,1,5,GroupA,Canada,remote,9,5.0,5
805343,2,1,GroupC,United States,onsite,12,,2
120071,3,3,GroupA,India,hybrid,8,5.0,5
332320,1,5,GroupC,United States,onsite,16,4.0,1
601336,2,12,GroupA,United States,onsite,15,3.0,1
377599,2,6,GroupB,United States,remote,7,3.0,2
824958,2,4,GroupA,Canada,onsite,1,4.0,2
535019,2,2,GroupB,United States,hybrid,4,5.0,1
438971,1,6,GroupA,Canada,hybrid,3,2.0,3
904597,1,3,GroupB,Canada,onsite,9,2.0,3
872931,2,4,GroupA,United States,hybrid,4,5.0,4
274672,1,3,GroupA,Canada,hybrid,7,3.0,4
717973,1,1,GroupA,India,remote,4,,4
767907,2,6,GroupC,United States,hybrid,16,4.0,3
594280,3,5,GroupB,United States,onsite,5,3.0,2
959310,2,1,GroupB,Canada,onsite,6,,4
201247,1,2,GroupB,United States,remote,5,4.0,5
257360,3,6,GroupC,United States,hybrid,13,4.0,1
564749,4,4,GroupA,India,remote,9,1.0,3
797963,1,1,GroupA,Canada,remote,5,,4
583283,3,7,GroupC,United States,onsite,16,4.0,1
653200,1,1,GroupB,United States,remote,7,,4
697161,1,3,GroupB,United States,remote,7,4.0,4
712450,4,8,GroupB,Canada,hybrid,6,3.0,2
649623,1,2,GroupC,United States,hybrid,12,1.0,2
181182,3,7,GroupA,India,onsite,9,3.0,2
707854,3,2,GroupB,United States,hybrid,6,1.0,5
753343,1,1,GroupB,Canada,remote,3,,5
539446,2,2,GroupA,United States,onsite,7,2.0,2
859092,1,2,GroupC,India,onsite,10,1.0,3
844754,1,2,GroupA,India,remote,1,5.0,5
647632,1,1,GroupA,United States,onsite,4,,3
513197,2,4,GroupA,United States,onsite,3,1.0,5
405512,1,2,GroupC,United States,onsite,8,4.0,1
599680,1,6,GroupB,United States,onsite,4,4.0,4
521659,1,4,GroupA,Canada,hybrid,6,4.0,5
454134,4,2,GroupB,United States,remote,3,4.0,3
344385,1,5,GroupA,Canada,hybrid,13,4.0,4
353543,1,2,GroupA,Canada,onsite,2,4.0,4
141005,2,1,GroupD,United States,remote,6,,3
776609,2,4,GroupA,Canada,remote,4,2.0,5
501260,1,2,GroupA,India,hybrid,4,3.0,5
137202,1,4,GroupA,Canada,remote,5,4.0,4
463507,4,10,GroupB,Canada,hybrid,8,3.0,1
720799,1,2,GroupB,United States,remote,5,4.0,1
310169,1,1,GroupC,India,hybrid,10,,2
441001,1,1,GroupA,India,hybrid,11,,1
150600,1,1,GroupA,India,hybrid,6,,5
478474,1,2,GroupB,United States,remote,5,5.0,5
616672,1,2,GroupC,United States,onsite,11,1.0,5
655543,1,2,GroupC,India,onsite,10,2.0,2
641699,1,2,GroupA,United States,remote,5,4.0,1
290339,2,3,GroupA,Canada,hybrid,4,5.0,5
292627,2,7,GroupB,United States,remote,8,3.0,4
587916,2,7,GroupA,United States,hybrid,4,3.0,4
894898,2,2,GroupB,United States,remote,5,3.0,3
970408,2,1,GroupB,United States,hybrid,1,,5
348530,3,5,GroupA,India,hybrid,5,5.0,2
110601,2,1,GroupA,United States,hybrid,3,,3
192061,1,3,GroupA,Canada,remote,4,2.0,5
727115,1,3,GroupB,Canada,hybrid,5,2.0,2
910004,1,1,GroupC,United States,onsite,12,,1
652165,2,1,GroupA,United States,hybrid,3,,5
469908,1,3,GroupB,United States,remote,14,4.0,2
148982,1,1,GroupB,Canada,remote,5,,5
580944,1,1,GroupB,United States,hybrid,6,,3
372688,1,3,GroupC,United States,hybrid,9,1.0,3
741313,2,5,GroupA,United States,onsite,4,5.0,5
100761,1,3,GroupB,Canada,onsite,1,2.0,3
321637,3,7,GroupC,United States,onsite,10,2.0,1
322811,1,2,GroupC,India,onsite,5,2.0,1
216193,1,2,GroupB,Canada,onsite,6,3.0,3
221004,1,2,GroupA,United States,hybrid,12,3.0,4
398240,1,2,GroupA,United States,hybrid,4,4.0,2
534548,4,1,GroupB,Canada,onsite,6,,4
711792,3,6,GroupB,United States,onsite,4,4.0,5
792317,1,5,GroupA,India,onsite,18,4.0,4
734960,2,1,GroupA,Canada,remote,4,,2
763516,3,5,GroupA,United States,onsite,4,4.0,3
750760,2,6,GroupC,India,onsite,13,3.0,2
222150,3,3,GroupA,India,hybrid,11,4.0,1
570903,1,3,GroupC,United States,onsite,10,3.0,3
320342,1,1,GroupC,United States,onsite,1,,2
969624,1,1,GroupA,United States,remote,5,,1
510303,3,7,GroupC,United States,onsite,8,1.0,3
121744,1,4,GroupA,India,hybrid,8,5.0,2
309955,2,10,GroupB,Canada,remote,12,5.0,4
288310,1,3,GroupB,United States,hybrid,6,5.0,1
184867,1,1,GroupA,Canada,hybrid,8,,4
363741,1,1,GroupB,United States,remote,8,,5
971874,1,2,GroupA,United States,hybrid,1,3.0,5
132742,1,2,GroupA,United States,hybrid,4,5.0,5
129293,2,4,GroupA,India,remote,7,3.0,2
698460,1,3,GroupB,United States,hybrid,5,2.0,3
457035,1,3,GroupA,United States,onsite,10,4.0,4
188798,1,2,GroupA,Canada,hybrid,3,4.0,5
563243,3,4,GroupA,United States,hybrid,4,4.0,4
894497,1,1,GroupB,United States,hybrid,8,,4
920809,4,6,GroupB,United States,hybrid,1,5.0,1
286948,4,17,GroupB,United States,hybrid,2,2.0,3
873190,1,4,GroupA,United States,hybrid,8,4.0,3
726920,1,3,GroupA,United States,onsite,5,4.0,4
709064,1,3,GroupC,India,onsite,11,1.0,3
787196,1,6,GroupC,India,onsite,6,1.0,1
860430,3,6,GroupB,United States,hybrid,9,3.0,2
308535,3,5,GroupD,United States,remote,6,4.0,5
247227,2,1,GroupA,Canada,onsite,4,,5
240679,1,2,GroupA,United States,onsite,6,3.0,5
738203,1,2,GroupA,Canada,hybrid,2,5.0,1
127458,3,1,GroupC,India,onsite,12,,2
501256,1,1,GroupB,United States,remote,8,,5
461683,2,1,GroupB,United States,hybrid,5,,5
503598,1,3,GroupD,United States,hybrid,4,5.0,3
456809,1,2,GroupB,United States,remote,6,5.0,4
987091,1,1,GroupB,United States,remote,5,,1
815217,2,9,GroupA,United States,onsite,5,3.0,1
995694,2,1,GroupA,India,remote,6,,3
556983,1,1,GroupC,United States,onsite,17,,4
819775,4,6,GroupA,India,onsite,7,5.0,4
135437,1,1,GroupC,United States,hybrid,11,,1
285530,1,2,GroupB,United States,onsite,1,3.0,2
613952,1,2,GroupB,United States,remote,9,3.0,5
867886,1,3,GroupA,United States,remote,7,2.0,3
543081,1,1,GroupA,Canada,hybrid,9,,3
548462,2,4,GroupA,India,remote,6,5.0,4
123889,1,1,GroupB,Canada,hybrid,3,,5
290837,3,11,GroupA,United States,hybrid,5,4.0,2
412375,1,5,GroupC,United States,onsite,13,2.0,1
207563,2,7,GroupA,United States,onsite,6,3.0,3
301380,1,3,GroupA,India,hybrid,7,3.0,2
543183,2,1,GroupB,United States,remote,20,,5
125481,1,4,GroupB,Canada,remote,6,5.0,3
988021,1,6,GroupB,Canada,onsite,4,5.0,5
150991,1,1,GroupA,United States,onsite,6,,3
933630,1,2,GroupC,India,onsite,11,2.0,5
101366,1,8,GroupA,United States,remote,1,2.0,4
859921,1,4,GroupB,United States,hybrid,2,3.0,3
210656,3,12,GroupA,India,onsite,8,3.0,3
869947,1,1,GroupB,United States,onsite,1,,3
891711,1,2,GroupA,India,hybrid,6,3.0,4
775597,1,5,GroupD,United States,hybrid,5,3.0,3
396457,3,5,GroupA,Canada,hybrid,3,5.0,5
260864,1,2,GroupA,United States,remote,5,3.0,3
181605,2,6,GroupA,United States,hybrid,5,4.0,3
343933,1,1,GroupB,United States,onsite,5,,4
314738,1,6,GroupB,United States,hybrid,6,3.0,3
102472,3,3,GroupA,United States,onsite,17,3.0,4
679991,2,1,GroupB,Canada,onsite,7,,4
984384,2,7,GroupB,United States,hybrid,7,3.0,4
142450,3,3,GroupC,United States,hybrid,12,3.0,2
220079,3,8,GroupA,United States,hybrid,5,4.0,4
672258,1,1,GroupC,United States,onsite,14,,4
374484,1,1,GroupB,United States,hybrid,5,,4
213929,3,6,GroupB,Canada,hybrid,10,4.0,5
561891,2,1,GroupA,Canada,hybrid,6,,5
355741,1,2,GroupA,India,remote,5,5.0,3
685295,4,4,GroupB,United States,onsite,15,4.0,4
881919,1,5,GroupA,United States,hybrid,7,5.0,5
915375,3,9,GroupD,United States,remote,3,5.0,2
403887,1,2,GroupA,Canada,remote,1,5.0,3
404106,1,3,GroupA,United States,hybrid,1,2.0,4
243006,2,4,GroupA,India,hybrid,3,3.0,3
125006,3,5,GroupB,United States,onsite,4,4.0,4
913950,3,10,GroupA,India,remote,4,2.0,3
251184,1,1,GroupC,India,onsite,14,,2
811474,1,5,GroupB,United States,remote,9,3.0,1
700727,2,2,GroupB,United States,remote,7,3.0,5
143178,1,2,GroupA,India,remote,3,4.0,3
692096,1,3,GroupB,United States,remote,7,3.0,4
538164,2,7,GroupA,Canada,onsite,7,1.0,4
218955,1,1,GroupC,India,onsite,4,,5
296770,3,5,GroupA,Canada,remote,7,3.0,5
674585,2,2,GroupB,United States,remote,5,4.0,1
790062,1,2,GroupA,United States,onsite,8,5.0,3
170291,1,2,GroupD,United States,hybrid,3,5.0,2
639005,3,5,GroupC,India,onsite,11,5.0,2
903822,1,3,GroupA,United States,hybrid,8,2.0,3
477885,3,14,GroupA,India,onsite,3,4.0,2
128951,2,2,GroupA,United States,onsite,11,3.0,4
251603,2,1,GroupC,United States,onsite,13,,3
236550,3,4,GroupA,United States,remote,11,2.0,3
278696,1,2,GroupB,United States,hybrid,5,3.0,4
187521,2,6,GroupA,United States,remote,4,5.0,4
782132,1,1,GroupD,United States,hybrid,8,,4
585384,2,7,GroupB,United States,onsite,10,2.0,3
840883,1,5,GroupA,Canada,hybrid,5,5.0,4
963197,2,2,GroupA,Canada,hybrid,4,4.0,2
475368,1,2,GroupD,United States,remote,3,4.0,3
649469,1,3,GroupA,Canada,remote,5,3.0,5
148866,1,1,GroupA,United States,hybrid,4,,1
251212,1,2,GroupA,United States,hybrid,5,4.0,3
676965,1,7,GroupA,India,hybrid,6,2.0,3
741793,2,9,GroupC,India,onsite,6,2.0,1
796524,3,6,GroupA,Canada,remote,7,4.0,3
295800,1,2,GroupA,United States,hybrid,7,1.0,3
899189,3,4,GroupC,United States,onsite,13,5.0,1
131598,1,6,GroupC,India,onsite,13,2.0,4
308159,1,2,GroupA,India,remote,4,4.0,4
675539,1,2,GroupA,United States,remote,6,4.0,1
273616,3,6,GroupC,United States,onsite,12,4.0,4
447906,1,7,GroupA,United States,remote,17,5.0,5
645490,1,1,GroupB,United States,hybrid,1,,2
277847,3,7,GroupC,United States,onsite,9,1.0,3
248779,1,3,GroupB,United States,onsite,6,4.0,1
104711,1,1,GroupB,Canada,onsite,3,,2
227710,1,2,GroupB,United States,remote,14,1.0,2
449026,2,5,GroupA,United States,hybrid,4,5.0,5
862168,1,1,GroupC,India,onsite,11,,2
773075,3,6,GroupA,United States,onsite,8,2.0,5
345041,2,2,GroupD,United States,hybrid,5,5.0,2
855186,3,3,GroupA,India,onsite,7,2.0,3
183516,2,1,GroupA,United States,hybrid,5,,4
240068,1,1,GroupB,Canada,hybrid,4,,4
949083,1,2,GroupC,United States,onsite,18,2.0,1
523009,1,1,GroupB,Canada,hybrid,2,,4
159463,3,5,GroupA,India,hybrid,8,3.0,4
914466,2,8,GroupB,Canada,remote,4,4.0,2
141330,2,5,GroupA,United States,remote,3,5.0,2
264000,2,1,GroupA,India,hybrid,6,,4
692750,2,2,GroupC,United States,hybrid,12,4.0,1
772343,1,2,GroupA,United States,hybrid,1,4.0,4
672374,2,9,GroupB,United States,onsite,3,3.0,2
166783,2,5,GroupB,Canada,remote,1,4.0,2
779367,1,3,GroupA,United States,remote,17,3.0,5
518416,1,5,GroupA,Canada,onsite,7,4.0,3
832586,1,4,GroupA,United States,remote,6,4.0,3
844325,1,2,GroupA,Canada,hybrid,4,5.0,4
731211,1,1,GroupA,United States,hybrid,8,,4
721337,1,1,GroupA,Canada,hybrid,1,,4
119166,3,10,GroupA,United States,hybrid,13,4.0,2
856678,1,2,GroupA,United States,hybrid,5,4.0,5
916439,2,5,GroupB,United States,remote,7,3.0,5
167934,3,4,GroupA,India,hybrid,5,1.0,5
426574,1,2,GroupA,United States,onsite,7,5.0,4
488569,2,3,GroupA,United States,hybrid,11,3.0,5
184358,2,9,GroupB,Canada,hybrid,13,4.0,4
642260,2,1,GroupA,Canada,remote,3,,5
537492,2,5,GroupD,United States,hybrid,3,3.0,2
739390,2,6,GroupB,Canada,hybrid,4,5.0,5
474727,1,1,GroupC,United States,onsite,5,,1
379747,4,2,GroupB,Canada,remote,6,2.0,4
121476,2,13,GroupB,United States,hybrid,3,3.0,1
840512,2,5,GroupB,United States,remote,5,5.0,3
188677,2,2,GroupB,United States,hybrid,6,2.0,3
370799,2,2,GroupC,United States,onsite,14,1.0,4
559429,1,1,GroupA,United States,hybrid,7,,5
496395,2,3,GroupA,Canada,hybrid,5,1.0,3
641691,1,1,GroupA,India,hybrid,7,,5
382947,1,3,GroupD,United States,hybrid,1,4.0,3
240950,1,1,GroupB,Canada,onsite,6,,2
669143,1,5,GroupA,United States,remote,3,5.0,4
968812,2,6,GroupC,United States,hybrid,9,2.0,2
883581,1,3,GroupA,India,onsite,5,4.0,3
142214,1,1,GroupA,Canada,remote,9,,2
555815,4,18,GroupA,India,remote,5,3.0,4
898635,1,2,GroupA,United States,hybrid,9,4.0,4
568873,2,4,GroupB,United States,remote,8,3.0,4
309039,2,2,GroupC,India,onsite,9,2.0,1
252767,1,3,GroupA,United States,hybrid,7,4.0,5
816674,2,2,GroupA,India,onsite,5,1.0,5
960455,1,2,GroupA,United States,hybrid,8,5.0,5
270167,1,3,GroupB,Canada,hybrid,4,3.0,1
313329,2,5,GroupC,India,onsite,10,3.0,3
299626,1,1,GroupA,United States,onsite,7,,5
999682,2,2,GroupA,Canada,hybrid,3,2.0,3
659119,2,7,GroupA,Canada,remote,10,4.0,1
331556,2,2,GroupA,United States,hybrid,6,2.0,5
370112,2,1,GroupA,United States,hybrid,5,,5
811800,1,1,GroupA,India,hybrid,5,,2
173878,1,1,GroupA,Canada,onsite,7,,1
693507,2,2,GroupB,United States,onsite,2,1.0,4
504825,1,1,GroupA,Canada,hybrid,5,,5
821630,1,3,GroupA,India,hybrid,5,2.0,5
365822,1,4,GroupA,India,hybrid,9,4.0,2
935208,1,1,GroupC,India,onsite,6,,1
169582,4,3,GroupA,United States,hybrid,2,5.0,5
824380,2,1,GroupA,Canada,onsite,5,,4
258488,1,6,GroupA,United States,hybrid,9,4.0,3
171422,1,1,GroupA,United States,remote,8,,5
478827,1,5,GroupA,India,remote,1,2.0,4
258359,2,6,GroupB,Canada,onsite,6,5.0,3
247262,3,10,GroupA,India,onsite,13,4.0,2
553987,3,8,GroupA,India,hybrid,3,3.0,4
595639,1,1,GroupB,Canada,onsite,6,,3
898351,2,2,GroupA,India,remote,9,5.0,5
296021,1,3,GroupB,United States,remote,7,3.0,5
964912,2,1,GroupA,United States,remote,5,,5
933397,1,4,GroupA,United States,hybrid,11,3.0,4
490554,3,7,GroupC,India,onsite,11,5.0,3
389702,1,1,GroupA,India,hybrid,11,,5
309303,1,3,GroupC,United States,onsite,15,3.0,4
498327,1,1,GroupA,Canada,hybrid,4,,4
510212,3,5,GroupB,United States,onsite,12,3.0,3
758327,1,2,GroupC,India,onsite,13,2.0,5
538137,1,3,GroupB,United States,hybrid,1,3.0,2
915947,1,3,GroupB,United States,onsite,4,4.0,3
169777,2,1,GroupA,United States,remote,1,,4
511233,1,5,GroupA,United States,onsite,9,2.0,3
507491,2,6,GroupA,India,onsite,4,2.0,2
240906,3,8,GroupC,United States,onsite,11,2.0,2
864945,1,2,GroupC,United States,onsite,8,3.0,4
590559,1,2,GroupA,United States,remote,6,3.0,3
132873,3,8,GroupB,United States,hybrid,6,2.0,4
340931,1,3,GroupC,United States,hybrid,6,2.0,5
806844,1,2,GroupA,United States,onsite,6,4.0,1
178372,1,4,GroupC,United States,onsite,12,5.0,1
643877,1,1,GroupB,United States,hybrid,11,,5
477463,3,14,GroupA,India,remote,15,5.0,3
715021,3,7,GroupA,United States,hybrid,2,2.0,5
555101,2,1,GroupA,United States,onsite,5,,3
172112,2,1,GroupA,United States,hybrid,3,,5
882011,1,4,GroupB,United States,remote,6,3.0,5
679575,1,3,GroupA,Canada,remote,11,3.0,3
467623,2,3,GroupB,Canada,remote,9,1.0,4
502602,2,4,GroupC,United States,onsite,19,2.0,2
137679,1,1,GroupC,United States,onsite,10,,2
169032,4,5,GroupB,United States,hybrid,9,5.0,3
104341,1,1,GroupC,United States,onsite,12,,4
766565,1,2,GroupA,India,remote,7,4.0,5
410423,2,4,GroupC,India,onsite,14,3.0,3
880295,1,2,GroupA,India,onsite,6,5.0,3
233505,1,2,GroupB,United States,hybrid,4,4.0,4
742549,1,1,GroupA,United States,onsite,10,,4
146283,2,4,GroupC,United States,onsite,7,3.0,2
538511,1,2,GroupA,United States,remote,6,4.0,3
875735,2,4,GroupD,United States,remote,2,2.0,1
957859,4,8,GroupA,Canada,hybrid,1,4.0,1
975762,2,4,GroupA,United States,hybrid,3,4.0,3
940764,2,8,GroupA,India,hybrid,5,3.0,4
821986,2,1,GroupB,United States,hybrid,6,,3
618505,2,1,GroupA,India,remote,6,,5
691296,1,1,GroupA,United States,hybrid,6,,5
967425,2,2,GroupB,Canada,hybrid,6,1.0,1
810702,1,1,GroupC,India,onsite,9,,2
926781,1,1,GroupB,United States,remote,5,,5
780605,2,4,GroupA,India,hybrid,4,3.0,3
427648,2,3,GroupB,United States,onsite,5,3.0,3
185040,1,1,GroupD,United States,hybrid,6,,4
732429,2,2,GroupA,Canada,onsite,1,3.0,3
613497,1,3,GroupA,United States,hybrid,6,4.0,5
621919,1,5,GroupA,United States,hybrid,5,4.0,3
460522,2,6,GroupA,India,remote,6,4.0,3
843333,1,1,GroupA,India,hybrid,1,,5
509957,1,1,GroupD,United States,hybrid,4,,5
973631,3,5,GroupB,United States,remote,4,3.0,5
686726,1,2,GroupB,United States,hybrid,1,3.0,2
990834,1,4,GroupA,Canada,onsite,7,4.0,4
251086,2,1,GroupC,United States,hybrid,5,,3
132867,1,1,GroupB,United States,remote,4,,3
475972,2,8,GroupD,United States,remote,3,3.0,4
562848,2,11,GroupC,United States,onsite,16,2.0,1
464150,3,5,GroupC,United States,onsite,14,2.0,2
168808,3,6,GroupB,United States,onsite,3,3.0,1
254869,1,3,GroupA,India,hybrid,8,3.0,2
713913,1,1,GroupA,United States,hybrid,3,,5
962422,2,8,GroupA,Canada,onsite,6,4.0,2
765013,2,5,GroupA,United States,onsite,4,4.0,4
509258,1,5,GroupA,United States,remote,3,2.0,4
140800,2,2,GroupA,India,hybrid,4,2.0,2
506746,1,5,GroupC,United States,onsite,10,5.0,1
593057,1,2,GroupA,United States,remote,5,5.0,4
930720,2,9,GroupB,Canada,onsite,3,4.0,3
300927,1,2,GroupB,United States,onsite,4,2.0,3
154951,2,7,GroupA,India,remote,4,5.0,2
507098,1,4,GroupA,India,remote,3,5.0,3
263478,1,7,GroupC,India,onsite,9,3.0,1
899015,1,4,GroupA,Canada,hybrid,4,4.0,1
347607,1,2,GroupA,Canada,remote,5,1.0,2
460344,1,1,GroupA,India,hybrid,6,,4
764119,1,8,GroupB,United States,onsite,13,3.0,3
437698,1,4,GroupA,India,onsite,6,4.0,3
246534,1,4,GroupB,United States,remote,8,5.0,3
276490,2,2,GroupD,United States,remote,4,3.0,4
439645,2,1,GroupA,Canada,onsite,10,,5
676274,1,3,GroupA,United States,onsite,1,5.0,5
681498,2,4,GroupB,Canada,remote,4,4.0,1
317148,1,1,GroupB,United States,remote,4,,5
149774,1,2,GroupB,Canada,hybrid,5,3.0,5
260830,3,3,GroupA,United States,remote,5,2.0,5
372545,2,2,GroupA,Canada,onsite,6,5.0,4
389537,1,2,GroupC,India,onsite,10,4.0,5
485746,2,5,GroupB,United States,hybrid,10,3.0,4
914267,1,1,GroupA,India,remote,4,,5
998495,2,1,GroupA,United States,remote,5,,4
885912,1,2,GroupB,United States,remote,4,4.0,5
736986,1,1,GroupA,Canada,hybrid,3,,2
958765,2,6,GroupC,India,onsite,12,2.0,2
763841,2,5,GroupA,United States,hybrid,19,5.0,2
520351,3,5,GroupA,United States,remote,4,1.0,4
121178,2,1,GroupA,United States,remote,5,,3
981688,1,3,GroupA,India,remote,14,5.0,3
129243,3,8,GroupA,India,hybrid,9,4.0,3
839868,3,2,GroupA,United States,hybrid,3,3.0,5
185584,2,5,GroupD,United States,hybrid,2,4.0,5
417373,1,1,GroupC,United States,onsite,11,,1
945641,1,4,GroupC,India,hybrid,11,1.0,3
552603,2,5,GroupA,United States,hybrid,3,1.0,3
442938,1,7,GroupA,Canada,remote,11,3.0,4
270447,1,2,GroupC,India,onsite,15,1.0,1
733316,2,4,GroupA,Canada,hybrid,5,5.0,2
951209,4,3,GroupA,United States,hybrid,9,3.0,3
244886,1,1,GroupB,United States,onsite,5,,3
378787,4,6,GroupA,India,hybrid,7,4.0,3
260242,1,3,GroupC,United States,onsite,7,1.0,5
785235,1,2,GroupA,Canada,onsite,6,3.0,5
344907,1,3,GroupC,United States,onsite,11,1.0,2
551942,2,1,GroupA,United States,onsite,5,,5
860890,2,3,GroupA,India,hybrid,4,5.0,5
744862,2,2,GroupB,Canada,hybrid,4,5.0,5
894646,2,3,GroupA,United States,hybrid,12,4.0,3
140518,2,8,GroupB,Canada,onsite,4,3.0,3
493823,1,3,GroupA,United States,onsite,17,5.0,4
861748,1,2,GroupA,United States,remote,10,2.0,4
596364,2,2,GroupC,United States,onsite,12,3.0,1
734016,1,7,GroupA,United States,hybrid,7,5.0,4
578064,1,7,GroupA,India,onsite,5,5.0,3
151084,2,1,GroupA,India,hybrid,7,,3
209032,1,1,GroupA,United States,remote,5,,5
756515,1,1,GroupB,United States,hybrid,5,,5
961934,1,1,GroupC,India,onsite,11,,1
647034,3,3,GroupB,Canada,hybrid,7,3.0,4
145582,2,2,GroupB,United States,hybrid,9,2.0,5
187727,4,8,GroupA,Canada,remote,4,1.0,3
566175,1,1,GroupA,Canada,hybrid,7,,5
791662,2,5,GroupB,United States,hybrid,5,3.0,3
184644,1,2,GroupA,United States,hybrid,1,2.0,4
429193,2,2,GroupA,Canada,onsite,4,4.0,4
662275,1,2,GroupC,India,onsite,14,1.0,1
232973,1,2,GroupC,United States,onsite,11,2.0,2
520706,1,3,GroupC,India,onsite,14,5.0,2
508847,1,3,GroupC,India,onsite,13,3.0,2
426374,1,2,GroupA,India,hybrid,7,2.0,5
540518,2,2,GroupA,India,hybrid,2,3.0,4
244941,1,3,GroupA,Canada,onsite,1,4.0,4
475268,2,5,GroupB,United States,remote,16,3.0,4
893339,1,3,GroupA,United States,remote,6,3.0,2
608475,1,3,GroupA,Canada,onsite,17,4.0,5
523790,2,9,GroupA,United States,remote,16,2.0,4
527492,1,2,GroupA,United States,remote,2,2.0,5
528480,1,4,GroupA,Canada,onsite,8,4.0,3
656103,1,2,GroupA,Canada,hybrid,19,3.0,5
887996,2,4,GroupA,Canada,hybrid,6,4.0,4
339754,2,4,GroupA,Canada,hybrid,10,5.0,4
166959,1,1,GroupA,India,hybrid,7,,5
531065,3,6,GroupA,Canada,hybrid,5,4.0,5
193619,1,2,GroupA,United States,remote,4,5.0,2
331706,1,2,GroupC,India,onsite,8,2.0,2
728565,2,3,GroupA,United States,hybrid,2,3.0,5
552026,1,2,GroupA,India,hybrid,6,5.0,5
696757,1,1,GroupC,United States,onsite,15,,2
433818,1,3,GroupA,India,onsite,7,2.0,3
271499,1,5,GroupA,India,hybrid,1,3.0,4
213260,1,7,GroupA,India,hybrid,4,4.0,2
252355,1,1,GroupC,United States,onsite,11,,4
866372,1,2,GroupB,United States,remote,4,2.0,4
307309,1,1,GroupC,United States,onsite,11,,5
463727,4,5,GroupC,India,onsite,8,2.0,2
981693,1,2,GroupD,United States,remote,7,5.0,3
629530,1,2,GroupB,United States,remote,9,3.0,5
329107,2,3,GroupA,United States,remote,3,5.0,2
122669,2,9,GroupD,United States,hybrid,5,1.0,1
871839,1,2,GroupA,United States,remote,2,2.0,2
852168,1,2,GroupA,Canada,hybrid,6,2.0,4
362562,1,1,GroupC,United States,hybrid,15,,5
830931,2,3,GroupD,United States,remote,10,5.0,4
930830,2,2,GroupA,Canada,hybrid,5,1.0,3
105394,1,2,GroupB,United States,remote,7,4.0,4
817749,3,3,GroupB,United States,remote,4,1.0,4
883700,1,1,GroupB,United States,remote,4,,5
697588,1,2,GroupD,United States,hybrid,2,3.0,4
476663,1,2,GroupA,India,hybrid,2,5.0,5
701533,1,4,GroupB,United States,remote,8,1.0,3
879908,1,1,GroupC,United States,hybrid,14,,2
556592,1,1,GroupB,Canada,hybrid,6,,2
347616,1,2,GroupA,India,onsite,5,3.0,5
779482,2,8,GroupC,United States,hybrid,11,5.0,1
674458,1,1,GroupA,United States,remote,9,,4
461181,3,7,GroupA,United States,hybrid,8,5.0,2
714675,4,5,GroupC,United States,onsite,12,3.0,1
180067,1,1,GroupA,India,remote,7,,5
270366,1,1,GroupA,Canada,hybrid,7,,5
395528,2,1,GroupA,United States,onsite,3,,3
216585,1,3,GroupA,United States,hybrid,3,4.0,3
712002,2,1,GroupB,Canada,onsite,5,,4
880069,1,2,GroupC,United States,hybrid,19,4.0,1
503357,1,1,GroupA,India,onsite,5,,5
502038,3,5,GroupA,India,onsite,7,4.0,2
240108,3,4,GroupB,Canada,remote,5,4.0,3
738243,2,7,GroupD,United States,hybrid,1,5.0,2
194024,1,1,GroupB,United States,onsite,10,,4
154236,2,5,GroupB,Canada,hybrid,5,4.0,1
718951,2,5,GroupD,United States,hybrid,9,4.0,5
861471,2,4,GroupA,India,remote,8,4.0,3
123249,1,2,GroupA,Canada,onsite,5,4.0,3
433119,1,3,GroupA,Canada,hybrid,13,3.0,4
497248,1,3,GroupC,United States,onsite,13,1.0,1
234704,3,6,GroupB,Canada,remote,3,2.0,3
908903,4,11,GroupB,Canada,hybrid,6,3.0,4
692308,3,3,GroupA,United States,remote,4,3.0,5
188754,2,2,GroupD,United States,remote,8,5.0,3
369586,2,14,GroupC,India,onsite,8,2.0,2
292985,1,4,GroupB,Canada,onsite,10,4.0,2
232326,1,1,GroupA,United States,hybrid,11,,5
310957,2,1,GroupB,United States,remote,3,,5
636395,2,2,GroupC,United States,onsite,11,1.0,1
341274,4,3,GroupA,United States,hybrid,5,3.0,5
688503,3,7,GroupA,United States,hybrid,5,5.0,4
679363,1,2,GroupA,Canada,hybrid,1,3.0,5
588272,1,1,GroupD,United States,hybrid,9,,4
462066,1,2,GroupA,Canada,onsite,10,5.0,4
268111,1,5,GroupA,United States,remote,7,3.0,3
519836,1,5,GroupA,United States,hybrid,7,5.0,5
797875,3,7,GroupB,Canada,hybrid,4,3.0,3
785188,1,1,GroupA,Canada,hybrid,7,,1
812957,1,2,GroupA,India,hybrid,5,5.0,4
771532,3,8,GroupC,India,onsite,10,4.0,2
428507,2,5,GroupC,India,onsite,10,3.0,1
514308,1,1,GroupB,United States,remote,8,,4
490138,4,4,GroupA,Canada,remote,1,4.0,3
184799,2,9,GroupA,India,onsite,1,5.0,3
137397,2,2,GroupA,India,hybrid,7,4.0,5
769912,3,4,GroupA,United States,hybrid,4,2.0,2
643107,2,3,GroupC,United States,onsite,13,3.0,1
940806,3,6,GroupC,United States,onsite,11,2.0,3
834832,1,1,GroupB,United States,onsite,4,,4
323896,2,2,GroupA,United States,hybrid,3,1.0,4
990317,1,1,GroupA,United States,hybrid,3,,3
982235,1,1,GroupA,India,onsite,5,,4
367008,2,2,GroupB,Canada,remote,4,3.0,3
343957,3,5,GroupB,United States,hybrid,12,1.0,5
219322,1,3,GroupB,United States,hybrid,6,5.0,4
978128,4,8,GroupC,India,onsite,10,2.0,1
697281,1,2,GroupB,United States,hybrid,7,4.0,5
307449,2,9,GroupA,India,onsite,6,1.0,4
839166,1,4,GroupD,United States,hybrid,1,3.0,5
398379,2,10,GroupB,United States,hybrid,7,3.0,4
222906,1,2,GroupB,United States,hybrid,6,3.0,5
569019,2,5,GroupB,United States,hybrid,3,4.0,5
383459,2,1,GroupB,Canada,hybrid,7,,5
753630,2,3,GroupA,Canada,hybrid,7,3.0,4
620100,2,5,GroupB,United States,onsite,6,4.0,4
152278,3,2,GroupA,United States,remote,12,5.0,5
308993,1,3,GroupB,United States,hybrid,4,5.0,5
577595,1,4,GroupA,Canada,hybrid,1,3.0,2
912877,1,2,GroupA,Canada,hybrid,5,3.0,4
955820,2,6,GroupB,United States,hybrid,1,4.0,2
242706,1,3,GroupC,United States,onsite,20,2.0,1
244355,1,1,GroupB,Canada,hybrid,7,,5
339336,1,2,GroupA,United States,remote,1,4.0,5
287245,1,3,GroupA,United States,remote,10,2.0,3
921552,3,6,GroupA,India,hybrid,2,4.0,1
723363,1,3,GroupC,India,onsite,16,2.0,2
493190,1,4,GroupA,United States,remote,4,4.0,5
208040,2,3,GroupB,United States,onsite,5,4.0,3
531632,2,7,GroupC,India,onsite,10,3.0,3
477499,1,2,GroupB,United States,onsite,3,3.0,5
923518,3,8,GroupA,Canada,hybrid,8,4.0,2
518794,2,1,GroupB,United States,onsite,7,,3
949649,1,6,GroupA,Canada,hybrid,3,3.0,4
627149,3,6,GroupA,India,remote,11,4.0,2
867136,1,2,GroupB,United States,hybrid,4,5.0,2
304444,3,6,GroupC,United States,onsite,17,2.0,2
759470,1,2,GroupA,United States,hybrid,4,5.0,5
146664,1,2,GroupB,United States,remote,5,4.0,4
163083,2,1,GroupC,United States,hybrid,13,,1
362808,2,2,GroupD,United States,hybrid,3,2.0,5
106215,2,1,GroupB,United States,hybrid,6,,3
883361,2,9,GroupA,Canada,remote,9,1.0,4
526724,3,6,GroupD,United States,hybrid,1,3.0,5
464776,1,2,GroupB,United States,remote,5,3.0,4
979067,2,3,GroupB,United States,onsite,8,4.0,3
834428,2,5,GroupB,Canada,onsite,4,3.0,4
619360,2,2,GroupA,India,hybrid,2,4.0,5
612353,2,5,GroupA,Canada,hybrid,5,3.0,5
547254,1,2,GroupA,United States,onsite,6,5.0,1
822958,2,3,GroupC,United States,onsite,14,2.0,2
690071,3,2,GroupB,United States,onsite,9,2.0,5
189425,1,6,GroupA,Canada,remote,9,1.0,3
552159,1,1,GroupC,India,onsite,10,,5
507765,3,4,GroupC,United States,onsite,14,1.0,2
141679,2,1,GroupA,India,onsite,9,,5
717142,2,3,GroupD,United States,remote,1,4.0,5
242132,1,4,GroupC,United States,onsite,14,4.0,1
550398,1,2,GroupB,United States,onsite,4,2.0,5
915982,1,4,GroupA,United States,hybrid,3,4.0,2
523376,1,2,GroupA,India,hybrid,7,2.0,4
889554,2,6,GroupC,United States,onsite,9,4.0,1
369039,2,7,GroupB,United States,onsite,9,4.0,4
938676,1,2,GroupC,United States,onsite,13,1.0,4
774572,4,9,GroupB,United States,hybrid,13,2.0,3
659560,2,1,GroupA,India,remote,2,,5
326563,1,1,GroupA,India,remote,3,,2
792698,1,2,GroupA,United States,hybrid,4,2.0,4
351618,1,3,GroupA,United States,hybrid,2,4.0,3
709404,1,1,GroupB,United States,hybrid,7,,1
366254,2,2,GroupC,United States,onsite,9,1.0,2
111200,2,8,GroupA,United States,hybrid,7,4.0,3
272476,2,3,GroupB,United States,onsite,5,5.0,5
577663,1,2,GroupC,United States,onsite,8,1.0,2
238979,1,4,GroupA,India,remote,6,4.0,2
463911,1,2,GroupC,United States,onsite,9,3.0,1
929783,2,1,GroupB,United States,hybrid,5,,4
426322,1,2,GroupC,United States,onsite,11,2.0,3
806597,1,3,GroupC,India,hybrid,7,1.0,1
373145,1,1,GroupA,United States,onsite,5,,4
866614,2,6,GroupB,United States,remote,7,4.0,3
327806,1,1,GroupB,Canada,onsite,7,,5
329053,2,3,GroupA,Canada,hybrid,5,2.0,5
506489,2,3,GroupD,United States,hybrid,2,5.0,5
123042,1,2,GroupA,United States,hybrid,8,5.0,5
962013,2,1,GroupA,United States,onsite,4,,2
752250,1,1,GroupA,United States,remote,4,,5
692141,2,1,GroupA,Canada,remote,7,,4
733124,1,2,GroupA,India,hybrid,4,4.0,4
256674,1,6,GroupA,United States,hybrid,4,4.0,4
536435,2,9,GroupB,United States,hybrid,3,4.0,3
852791,2,1,GroupA,Canada,hybrid,8,,3
510282,1,8,GroupC,India,onsite,9,2.0,1
377936,1,2,GroupB,United States,remote,4,1.0,3
530056,1,4,GroupA,United States,onsite,5,5.0,5
528056,2,1,GroupA,Canada,hybrid,5,,4
666883,1,1,GroupA,India,remote,5,,5
832788,1,3,GroupB,United States,hybrid,9,3.0,3
589822,3,5,GroupA,Canada,hybrid,7,1.0,4
458314,2,2,GroupA,United States,onsite,6,4.0,1
619706,2,4,GroupB,United States,hybrid,4,4.0,3
920027,4,5,GroupA,United States,hybrid,10,4.0,4
611601,1,1,GroupA,India,hybrid,15,,5
776743,1,4,GroupB,United States,onsite,5,3.0,3
925813,2,3,GroupB,United States,remote,5,3.0,4
996021,1,4,GroupA,United States,hybrid,8,3.0,4
931520,1,1,GroupA,United States,remote,7,,4
744172,2,1,GroupA,Canada,hybrid,7,,4
670672,3,9,GroupB,United States,onsite,8,4.0,3
140476,2,6,GroupC,United States,onsite,12,2.0,1
272460,3,3,GroupA,United States,onsite,5,4.0,5
635038,1,1,GroupA,United States,onsite,6,,5
164126,1,1,GroupA,United States,remote,7,,3
742165,1,4,GroupC,United States,onsite,12,1.0,3
514017,1,2,GroupA,United States,hybrid,8,1.0,2
883610,1,1,GroupB,United States,onsite,5,,5
447998,1,1,GroupC,United States,onsite,6,,2
824834,1,3,GroupB,United States,hybrid,4,3.0,5
172188,1,2,GroupB,United States,hybrid,8,1.0,5
446083,2,1,GroupA,United States,remote,4,,4
833293,1,2,GroupA,United States,hybrid,3,4.0,5
221643,1,1,GroupB,United States,hybrid,10,,1
825982,2,4,GroupA,Canada,onsite,10,3.0,4
615675,1,3,GroupD,United States,hybrid,3,2.0,4
909739,3,1,GroupA,India,onsite,9,,1
871624,3,5,GroupA,India,remote,5,5.0,2
130229,1,2,GroupB,United States,hybrid,7,4.0,4
614963,2,2,GroupA,United States,remote,8,3.0,2
677547,1,1,GroupD,United States,hybrid,6,,5
423339,1,3,GroupA,India,remote,11,3.0,5
864582,3,5,GroupA,India,hybrid,5,4.0,3
114985,3,6,GroupC,United States,onsite,18,1.0,1
369332,2,2,GroupA,United States,hybrid,3,1.0,5
641195,2,1,GroupA,Canada,onsite,11,,4
526158,1,2,GroupB,Canada,hybrid,6,3.0,5
374427,1,2,GroupA,Canada,remote,4,3.0,4
376998,2,3,GroupB,Canada,hybrid,3,3.0,1
464310,1,2,GroupA,India,onsite,7,1.0,2
786379,2,1,GroupA,United States,onsite,7,,1
209910,2,1,GroupB,United States,hybrid,1,,4
298248,1,2,GroupD,United States,hybrid,2,4.0,1
549528,2,1,GroupA,Canada,hybrid,4,,5
673190,3,3,GroupD,United States,hybrid,1,3.0,4
688675,1,1,GroupB,United States,hybrid,4,,4
494717,1,2,GroupA,United States,remote,10,2.0,5
252543,1,1,GroupB,United States,hybrid,5,,5
453573,1,4,GroupB,United States,hybrid,4,2.0,5
156266,3,9,GroupA,Canada,remote,9,4.0,2
232929,2,4,GroupA,Canada,remote,8,2.0,3
762193,2,9,GroupA,Canada,hybrid,7,5.0,2
636738,1,3,GroupB,United States,hybrid,4,1.0,4
100140,1,3,GroupA,Canada,remote,6,1.0,3
143606,1,2,GroupB,United States,onsite,6,4.0,5
692844,2,4,GroupB,United States,remote,17,3.0,2
131166,1,2,GroupB,United States,onsite,2,4.0,5
586676,3,7,GroupA,Canada,onsite,10,1.0,1
838319,2,2,GroupA,United States,hybrid,4,5.0,4
507444,1,1,GroupA,United States,hybrid,3,,5
775801,2,2,GroupA,United States,onsite,5,4.0,2
768206,2,1,GroupA,India,hybrid,2,,4
836843,1,5,GroupA,India,remote,5,3.0,4
645325,1,1,GroupA,India,onsite,5,,2
499764,2,2,GroupA,United States,remote,19,4.0,3
865965,2,2,GroupC,India,onsite,12,5.0,1
876727,1,1,GroupD,United States,remote,4,,2
131570,1,1,GroupC,United States,onsite,8,,3
196722,2,4,GroupA,Canada,hybrid,6,3.0,3
838432,1,3,GroupB,United States,hybrid,1,2.0,4
192649,1,3,GroupA,India,remote,4,2.0,4
217606,3,5,GroupA,Canada,onsite,4,1.0,5
104964,3,1,GroupC,United States,hybrid,16,,2
955397,2,2,GroupB,Canada,hybrid,8,1.0,3
382400,4,4,GroupD,United States,remote,4,5.0,3
266733,1,1,GroupD,United States,remote,2,,4
939695,1,1,GroupA,United States,onsite,4,,4
908836,3,9,GroupA,Canada,hybrid,1,3.0,4
562819,1,4,GroupA,United States,hybrid,6,4.0,2
904524,1,3,GroupA,Canada,onsite,3,4.0,5
692661,3,6,GroupA,Canada,remote,4,5.0,5
890029,1,2,GroupB,Canada,hybrid,4,3.0,5
575673,1,1,GroupC,United States,onsite,13,,1
625877,1,1,GroupB,United States,hybrid,5,,4
238575,2,4,GroupB,United States,hybrid,7,3.0,3
325883,1,4,GroupA,India,hybrid,4,3.0,4
221378,2,1,GroupB,United States,onsite,2,,5
969647,2,8,GroupA,India,onsite,15,5.0,3
536993,4,5,GroupB,United States,hybrid,7,4.0,4
454302,2,4,GroupB,United States,remote,4,2.0,2
392245,1,2,GroupC,United States,onsite,6,3.0,4
530211,1,5,GroupA,Canada,remote,6,4.0,5
961388,1,5,GroupC,United States,onsite,9,3.0,1
275648,3,15,GroupB,Canada,onsite,3,4.0,2
292102,1,1,GroupB,United States,remote,11,,4
268144,1,4,GroupB,United States,hybrid,9,3.0,4
759063,1,3,GroupC,United States,onsite,11,1.0,3
767591,4,4,GroupA,Canada,hybrid,1,2.0,4
592414,1,1,GroupA,United States,hybrid,5,,2
354835,1,2,GroupD,United States,hybrid,7,3.0,4
672552,1,4,GroupC,India,onsite,12,2.0,4
401861,3,2,GroupB,United States,hybrid,6,4.0,4
652311,3,3,GroupA,Canada,hybrid,4,5.0,4
431236,1,2,GroupA,Canada,hybrid,3,4.0,5
474303,2,1,GroupA,Canada,hybrid,3,,1
898707,1,4,GroupA,India,hybrid,7,5.0,5
276828,2,1,GroupA,United States,hybrid,1,,4
334243,2,4,GroupA,Canada,hybrid,8,5.0,5
121547,1,1,GroupB,United States,remote,3,,3
485865,1,4,GroupC,United States,onsite,12,5.0,2
852359,2,2,GroupB,Canada,remote,5,4.0,4
886295,2,5,GroupA,United States,hybrid,16,4.0,4
748406,1,7,GroupB,United States,hybrid,9,3.0,3
951878,1,1,GroupB,United States,remote,3,,4
910226,1,2,GroupB,Canada,hybrid,15,2.0,5
733488,1,4,GroupB,Canada,hybrid,1,3.0,3
725252,2,2,GroupB,United States,remote,7,4.0,3
221683,2,8,GroupB,United States,onsite,5,3.0,3
982180,1,2,GroupB,United States,hybrid,4,1.0,5
589882,1,4,GroupA,United States,onsite,6,1.0,2
124363,1,1,GroupA,United States,hybrid,7,,5
208269,1,3,GroupA,India,hybrid,2,3.0,1
818222,1,1,GroupB,United States,hybrid,6,,5
346337,3,5,GroupB,United States,hybrid,5,1.0,2
369170,1,3,GroupA,United States,remote,5,4.0,5
543587,4,4,GroupC,United States,onsite,10,2.0,2
107357,2,4,GroupB,United States,hybrid,9,2.0,5
844262,2,2,GroupB,United States,remote,3,2.0,3
455600,1,4,GroupA,Canada,remote,1,5.0,3
882815,2,4,GroupA,United States,hybrid,5,2.0,1
603030,1,2,GroupA,India,onsite,3,4.0,2
941546,3,5,GroupB,Canada,remote,4,2.0,3
471009,3,4,GroupA,Canada,remote,5,2.0,3
776538,2,3,GroupC,United States,onsite,11,2.0,2
624869,2,5,GroupA,United States,remote,7,2.0,4
595625,1,6,GroupA,Canada,hybrid,3,4.0,5
270825,2,3,GroupA,India,hybrid,2,5.0,4
810060,4,6,GroupB,United States,hybrid,8,3.0,5
497314,1,2,GroupD,United States,remote,4,5.0,2
766805,1,2,GroupA,Canada,remote,10,2.0,5
903508,2,4,GroupA,United States,onsite,1,3.0,3
235653,2,8,GroupA,Canada,hybrid,4,2.0,2
443682,2,12,GroupA,Canada,remote,4,4.0,1
267471,4,7,GroupC,India,onsite,13,3.0,1
579116,1,1,GroupA,United States,hybrid,9,,1
625931,1,1,GroupA,India,hybrid,9,,4
643160,1,3,GroupA,Canada,remote,3,4.0,4
476924,1,4,GroupC,United States,hybrid,12,1.0,2
637291,1,2,GroupB,United States,onsite,4,3.0,4
468101,4,16,GroupB,Canada,hybrid,5,2.0,1
893924,1,1,GroupB,Canada,remote,10,,5
503767,1,1,GroupC,India,onsite,13,,2
941795,2,3,GroupA,Canada,hybrid,2,5.0,4
637321,2,3,GroupA,United States,hybrid,4,2.0,1
444216,1,1,GroupC,United States,onsite,10,,5
140039,3,4,GroupC,United States,onsite,12,2.0,1
946258,2,9,GroupB,United States,hybrid,3,1.0,5
576685,1,1,GroupB,United States,remote,3,,5
757603,1,3,GroupA,Canada,remote,11,5.0,4
364878,1,1,GroupB,United States,hybrid,3,,5
678476,1,3,GroupA,Canada,onsite,12,4.0,4
417412,2,3,GroupC,United States,hybrid,14,1.0,3
381596,2,2,GroupA,United States,onsite,7,3.0,4
869782,2,3,GroupC,United States,onsite,13,4.0,3
157439,1,1,GroupA,India,remote,7,,5
603322,3,5,GroupA,India,onsite,4,4.0,5
833469,1,2,GroupA,United States,hybrid,5,5.0,5
571571,1,1,GroupB,Canada,remote,6,,4
484814,1,4,GroupD,United States,hybrid,2,4.0,5
629202,3,12,GroupB,United States,remote,7,1.0,2
740983,2,4,GroupB,United States,hybrid,4,1.0,2
631332,2,9,GroupA,India,hybrid,6,2.0,3
923264,2,4,GroupC,United States,onsite,16,5.0,4
496430,2,4,GroupA,India,onsite,1,5.0,2
759543,2,5,GroupB,Canada,remote,7,5.0,4
317814,1,1,GroupA,Canada,remote,1,,5
842915,1,5,GroupB,United States,onsite,1,3.0,2
511663,1,1,GroupA,Canada,remote,12,,4
235500,1,2,GroupA,Canada,hybrid,13,3.0,1
621912,1,1,GroupC,United States,onsite,2,,4
107888,1,3,GroupB,United States,hybrid,10,3.0,3
897011,3,5,GroupD,United States,hybrid,2,2.0,3
132192,2,6,GroupA,India,onsite,6,2.0,4
467832,1,3,GroupB,United States,remote,5,3.0,4
661631,2,2,GroupB,Canada,hybrid,5,1.0,3
142261,1,3,GroupA,United States,remote,4,3.0,4
889667,2,4,GroupC,India,onsite,10,2.0,1
413929,1,2,GroupB,United States,hybrid,10,2.0,5
858554,1,1,GroupA,United States,remote,19,,5
340810,1,4,GroupB,Canada,remote,5,3.0,1
427243,1,2,GroupA,India,hybrid,4,4.0,5
303763,1,1,GroupA,Canada,hybrid,7,,2
734917,1,1,GroupB,United States,remote,5,,2
321877,4,6,GroupA,United States,hybrid,1,3.0,1
828925,1,2,GroupA,Canada,hybrid,10,3.0,3
813895,1,3,GroupB,Canada,remote,17,4.0,4
343649,1,1,GroupA,United States,hybrid,2,,3
701018,2,2,GroupA,United States,remote,4,4.0,1
785314,1,3,GroupA,Canada,hybrid,17,4.0,4
182086,2,1,GroupA,Canada,remote,4,,4
704709,1,2,GroupB,United States,hybrid,11,3.0,5
591479,2,1,GroupA,Canada,remote,1,,4
669977,4,8,GroupA,United States,onsite,5,5.0,2
517749,2,1,GroupA,India,remote,6,,5
734042,1,2,GroupA,India,remote,6,4.0,4
830890,1,3,GroupA,Canada,hybrid,8,4.0,4
415871,1,2,GroupB,United States,remote,4,3.0,4
385058,2,1,GroupB,United States,onsite,4,,3
127950,2,6,GroupB,United States,remote,4,4.0,5
517226,2,5,GroupA,United States,remote,3,3.0,3
417513,3,6,GroupA,India,hybrid,6,1.0,5
955546,4,5,GroupB,Canada,hybrid,7,1.0,2
641338,1,1,GroupA,United States,hybrid,5,,2
367127,2,4,GroupA,United States,hybrid,10,5.0,3
391983,2,7,GroupC,United States,onsite,11,4.0,5
448846,1,6,GroupB,United States,remote,7,5.0,3
313899,1,5,GroupA,Canada,onsite,3,3.0,5
441776,2,4,GroupC,United States,onsite,12,2.0,3
486614,1,4,GroupA,India,remote,4,3.0,3
249036,3,6,GroupB,United States,hybrid,10,4.0,1
423883,1,2,GroupD,United States,hybrid,1,4.0,1
186821,1,3,GroupA,India,remote,3,3.0,3
527602,3,4,GroupA,India,remote,8,4.0,5
850381,1,4,GroupA,India,remote,9,4.0,4
254818,1,3,GroupB,United States,hybrid,7,4.0,5
790477,3,3,GroupC,India,onsite,12,5.0,1
913889,2,8,GroupB,United States,hybrid,4,4.0,2
725459,1,1,GroupC,India,onsite,12,,5
839487,3,6,GroupB,United States,hybrid,5,5.0,3
771140,4,6,GroupA,United States,onsite,11,1.0,3
931861,2,3,GroupA,United States,hybrid,8,3.0,4
997049,1,1,GroupA,Canada,hybrid,2,,2
185434,1,1,GroupA,India,hybrid,6,,3
154054,3,4,GroupA,United States,onsite,8,3.0,3
362674,1,2,GroupA,United States,remote,13,2.0,1
261942,3,5,GroupA,Canada,onsite,6,1.0,5
235938,1,1,GroupA,Canada,onsite,2,,2
372769,2,5,GroupB,Canada,remote,9,4.0,4
147916,1,2,GroupB,Canada,onsite,6,2.0,5
743683,2,1,GroupD,United States,hybrid,5,,3
221629,1,1,GroupA,United States,hybrid,5,,5
649993,3,4,GroupB,United States,onsite,4,4.0,4
785639,1,1,GroupB,United States,hybrid,9,,4
733306,1,3,GroupA,Canada,remote,2,2.0,2
849548,1,3,GroupB,Canada,onsite,10,4.0,4
730269,1,5,GroupA,Canada,hybrid,5,4.0,5
741620,1,2,GroupA,India,onsite,6,4.0,2
983383,1,5,GroupA,India,remote,4,4.0,4
974023,2,4,GroupA,United States,hybrid,9,3.0,2
178729,1,3,GroupA,India,hybrid,1,4.0,3
398484,1,1,GroupB,Canada,remote,6,,3
610935,3,5,GroupB,Canada,remote,4,5.0,3
583265,3,9,GroupD,United States,remote,2,4.0,3
735310,1,5,GroupB,Canada,hybrid,20,4.0,5
817239,4,3,GroupC,India,hybrid,7,5.0,5
703736,2,3,GroupA,Canada,onsite,20,5.0,5
344174,1,1,GroupC,United States,onsite,13,,5
816615,2,10,GroupA,United States,hybrid,6,2.0,1
966781,1,1,GroupA,United States,onsite,14,,3
454575,3,4,GroupC,India,hybrid,18,5.0,3
195646,2,3,GroupA,India,hybrid,3,5.0,3
128575,2,3,GroupB,United States,remote,5,5.0,4
622679,3,8,GroupA,United States,remote,7,5.0,3
465340,4,6,GroupA,United States,hybrid,9,5.0,4
973998,2,3,GroupC,United States,onsite,4,5.0,2
835461,1,1,GroupA,United States,remote,9,,3
222824,2,4,GroupA,United States,hybrid,7,5.0,5
569028,1,4,GroupC,India,hybrid,14,5.0,3
496955,2,2,GroupA,Canada,hybrid,5,3.0,3
708453,1,4,GroupA,United States,hybrid,7,5.0,2
844396,1,1,GroupA,India,onsite,7,,5
333935,1,4,GroupA,United States,onsite,6,4.0,3
402712,2,9,GroupA,Canada,onsite,2,2.0,1
371554,1,1,GroupA,United States,hybrid,3,,5
779738,2,1,GroupC,India,onsite,12,,1
296719,3,5,GroupA,India,hybrid,7,1.0,3
472629,3,5,GroupC,India,onsite,8,3.0,3
512937,1,7,GroupA,United States,hybrid,5,2.0,4
410886,2,8,GroupA,United States,onsite,8,5.0,1
792740,3,16,GroupB,United States,onsite,1,4.0,2
246062,1,7,GroupA,Canada,hybrid,5,1.0,4
760567,1,2,GroupC,United States,onsite,10,1.0,2
689814,3,7,GroupB,Canada,remote,7,3.0,4
469207,1,1,GroupA,United States,onsite,7,,4
946039,3,5,GroupC,India,onsite,10,2.0,5
841302,2,4,GroupA,United States,remote,5,5.0,5
294467,1,2,GroupA,Canada,hybrid,2,4.0,5
140175,3,8,GroupC,United States,onsite,8,2.0,3
259326,2,9,GroupA,India,hybrid,3,4.0,2
891494,1,3,GroupA,United States,hybrid,7,5.0,4
503589,1,6,GroupC,United States,onsite,12,3.0,1
532366,1,2,GroupA,Canada,hybrid,4,5.0,4
438269,2,1,GroupC,United States,onsite,11,,3
469925,1,3,GroupA,Canada,hybrid,7,5.0,4
276329,1,1,GroupA,United States,remote,13,,5
879262,1,3,GroupD,United States,remote,2,2.0,4
684113,2,2,GroupA,India,remote,7,4.0,4
648457,1,1,GroupA,India,onsite,2,,5
913114,2,3,GroupC,United States,onsite,12,2.0,2
417106,1,1,GroupA,India,hybrid,7,,5
770542,1,1,GroupA,United States,hybrid,5,,3
114121,1,1,GroupB,Canada,onsite,6,,4
415685,2,5,GroupC,United States,onsite,11,3.0,4
929139,2,2,GroupA,United States,onsite,4,1.0,3
227274,1,1,GroupA,Canada,hybrid,6,,5
203309,3,6,GroupC,India,onsite,14,4.0,1
199437,3,7,GroupA,United States,hybrid,15,3.0,5
303957,2,2,GroupB,United States,onsite,1,3.0,5
899967,1,2,GroupB,United States,remote,5,4.0,4
675127,3,4,GroupB,United States,remote,7,5.0,3
494807,2,3,GroupB,United States,remote,2,3.0,5
101598,2,2,GroupA,India,onsite,2,1.0,5
190320,2,1,GroupD,United States,hybrid,1,,4
270017,1,3,GroupA,United States,onsite,4,3.0,4
800719,1,1,GroupC,United States,onsite,12,,1
616992,1,1,GroupA,United States,remote,6,,4
936169,2,1,GroupC,United States,onsite,6,,2
993764,1,1,GroupA,Canada,remote,6,,4
739305,1,1,GroupA,United States,hybrid,4,,3
329400,1,2,GroupA,United States,remote,7,5.0,5
959620,3,6,GroupA,United States,hybrid,1,4.0,4
329978,3,6,GroupA,United States,hybrid,4,3.0,4
603894,2,9,GroupD,United States,hybrid,7,3.0,1
693409,1,1,GroupA,India,hybrid,5,,5
200726,2,3,GroupA,United States,hybrid,5,4.0,5
815362,1,7,GroupA,India,hybrid,11,1.0,3
480835,1,1,GroupA,Canada,hybrid,4,,1
437083,1,3,GroupA,India,remote,6,1.0,2
943216,2,2,GroupA,Canada,hybrid,7,5.0,2
701748,2,1,GroupB,United States,onsite,12,,5
843446,3,4,GroupA,India,remote,1,1.0,4
470587,4,5,GroupA,Canada,onsite,5,3.0,3
692384,2,4,GroupB,United States,hybrid,8,2.0,4
230364,3,5,GroupB,United States,hybrid,5,3.0,3
657146,3,3,GroupB,Canada,hybrid,9,2.0,5
951054,1,3,GroupB,Canada,onsite,5,5.0,3
410741,1,1,GroupC,United States,onsite,11,,3
426626,1,1,GroupC,United States,onsite,12,,4
429810,2,1,GroupC,India,onsite,13,,2
616442,1,2,GroupA,Canada,hybrid,5,5.0,4
583321,1,5,GroupA,India,onsite,6,2.0,1
258720,3,4,GroupB,United States,onsite,2,4.0,4
480933,1,4,GroupA,United States,hybrid,8,4.0,5
948410,1,3,GroupB,Canada,onsite,7,3.0,4
863552,2,2,GroupB,United States,hybrid,7,1.0,3
390424,3,6,GroupA,India,hybrid,20,2.0,4
285739,1,3,GroupA,United States,hybrid,5,4.0,5
980899,1,3,GroupA,India,onsite,7,5.0,5
326896,1,2,GroupC,India,onsite,12,2.0,4
626834,2,7,GroupA,India,hybrid,6,5.0,4
719737,1,1,GroupB,United States,hybrid,3,,3
266457,2,3,GroupC,United States,onsite,13,2.0,2
502820,1,1,GroupA,India,onsite,7,,5
632087,3,17,GroupC,India,onsite,11,4.0,3
136342,1,2,GroupC,India,onsite,13,4.0,2
636111,2,1,GroupA,United States,hybrid,8,,1
227897,2,4,GroupA,United States,remote,10,1.0,1
744739,1,1,GroupA,United States,hybrid,7,,1
352769,2,4,GroupB,United States,hybrid,3,5.0,4
605114,1,1,GroupC,United States,hybrid,14,,2
737052,2,3,GroupB,Canada,onsite,10,5.0,5
133849,1,2,GroupC,United States,onsite,13,1.0,2
540176,1,2,GroupC,India,hybrid,11,5.0,1
713944,2,1,GroupB,Canada,remote,5,,5
912920,1,3,GroupC,United States,onsite,8,1.0,1
330853,1,2,GroupC,United States,onsite,10,5.0,2
920106,2,6,GroupA,Canada,hybrid,7,3.0,4
551521,1,3,GroupA,India,hybrid,9,2.0,2
385785,1,2,GroupB,Canada,onsite,5,5.0,3
335964,4,5,GroupA,Canada,onsite,6,3.0,2
974929,1,3,GroupC,United States,onsite,10,1.0,2
662520,1,2,GroupB,Canada,onsite,7,4.0,4
529242,2,3,GroupA,United States,remote,8,1.0,5
546293,1,1,GroupD,United States,hybrid,2,,4
808448,2,3,GroupC,India,onsite,13,1.0,3
727692,1,1,GroupA,United States,hybrid,3,,3
166373,1,2,GroupB,United States,hybrid,1,3.0,5
491136,4,7,GroupD,United States,remote,4,5.0,5
804010,1,1,GroupA,Canada,hybrid,8,,5
379054,1,1,GroupA,United States,remote,9,,1
713656,4,4,GroupA,India,hybrid,8,3.0,2
959131,1,3,GroupA,United States,onsite,6,3.0,4
662054,3,6,GroupC,United States,onsite,11,2.0,2
216388,1,3,GroupA,India,hybrid,6,2.0,5
844485,2,5,GroupA,Canada,onsite,5,5.0,3
418046,1,2,GroupB,United States,remote,5,2.0,3
838043,1,1,GroupC,United States,onsite,15,,1
265441,2,5,GroupA,United States,remote,3,4.0,2
930995,1,1,GroupB,United States,hybrid,4,,5
272210,1,3,GroupB,Canada,hybrid,5,2.0,4
507076,1,2,GroupA,United States,onsite,6,4.0,5
860906,3,6,GroupC,United States,onsite,12,1.0,1
563135,3,5,GroupC,United States,onsite,11,2.0,1
317384,1,4,GroupC,United States,onsite,11,2.0,2
981761,2,1,GroupB,United States,hybrid,6,,4
725419,1,3,GroupA,United States,remote,5,4.0,4
890788,2,4,GroupB,United States,onsite,7,4.0,3
280341,3,5,GroupA,India,remote,5,2.0,4
697975,2,1,GroupA,India,hybrid,3,,4
967158,2,1,GroupA,United States,hybrid,3,,2
539518,2,8,GroupA,India,remote,19,5.0,4
361858,2,6,GroupA,United States,hybrid,6,3.0,5
416012,2,1,GroupA,United States,hybrid,6,,4
536062,1,2,GroupB,Canada,hybrid,9,3.0,5
561487,1,2,GroupA,India,hybrid,8,3.0,5
740449,4,4,GroupB,United States,onsite,7,4.0,2
992667,4,8,GroupC,United States,onsite,14,4.0,3
269264,2,3,GroupA,United States,hybrid,5,4.0,4
987209,2,5,GroupB,Canada,hybrid,6,4.0,5
962976,2,1,GroupA,India,hybrid,3,,3
143059,1,2,GroupA,United States,remote,4,1.0,3
680966,1,3,GroupA,India,hybrid,6,1.0,1
276428,1,1,GroupA,United States,hybrid,13,,1
109533,1,1,GroupC,United States,onsite,13,,2
336742,1,2,GroupA,United States,hybrid,7,3.0,5
206410,1,1,GroupA,Canada,remote,8,,5
162055,3,6,GroupA,United States,remote,3,4.0,3
771480,1,3,GroupA,Canada,onsite,17,4.0,5
691907,1,5,GroupB,United States,remote,4,4.0,2
871337,1,1,GroupA,India,hybrid,9,,5
380611,1,3,GroupC,India,onsite,12,4.0,4
416568,1,2,GroupA,United States,remote,5,3.0,2
637104,3,7,GroupA,United States,hybrid,5,1.0,4
294135,2,1,GroupA,United States,hybrid,3,,2
446235,1,4,GroupB,United States,hybrid,4,4.0,4
811533,4,18,GroupC,United States,onsite,14,3.0,2
638479,1,5,GroupB,United States,onsite,6,3.0,5
967683,1,1,GroupA,United States,remote,3,,3
990378,1,3,GroupB,United States,hybrid,6,4.0,1
296746,3,6,GroupA,Canada,onsite,5,5.0,3
423694,1,4,GroupB,United States,hybrid,18,1.0,1
293989,1,4,GroupA,United States,hybrid,5,5.0,4
224686,4,5,GroupA,Canada,remote,5,3.0,4
192989,1,4,GroupC,United States,hybrid,14,2.0,1
431434,3,8,GroupA,United States,hybrid,11,2.0,2
236861,3,5,GroupB,Canada,remote,3,4.0,2
926580,2,4,GroupC,United States,onsite,11,2.0,2
428975,3,7,GroupA,Canada,hybrid,4,5.0,5
250311,2,12,GroupB,United States,remote,3,3.0,3
617558,2,4,GroupA,India,hybrid,8,4.0,4
394527,3,7,GroupA,India,onsite,7,3.0,3
212342,2,1,GroupC,India,hybrid,12,,1
139419,1,3,GroupB,Canada,remote,4,4.0,5
635185,2,3,GroupC,India,onsite,12,2.0,1
967703,1,4,GroupC,India,onsite,12,2.0,3
984950,2,2,GroupC,India,onsite,11,2.0,1
965113,1,2,GroupA,Canada,hybrid,4,2.0,4
711265,1,2,GroupA,India,remote,8,3.0,5
591363,2,1,GroupA,Canada,hybrid,4,,5
320691,1,1,GroupA,United States,remote,3,,4
939333,3,2,GroupA,Canada,hybrid,9,2.0,3
877597,4,5,GroupD,United States,hybrid,2,4.0,1
877059,3,7,GroupA,United States,remote,9,5.0,3
466921,4,6,GroupC,United States,onsite,14,4.0,2
852026,1,7,GroupB,United States,hybrid,4,4.0,4
770449,3,4,GroupA,Canada,hybrid,5,5.0,3
876867,1,2,GroupA,India,hybrid,2,2.0,4
461319,1,3,GroupC,United States,onsite,4,3.0,1
481272,2,1,GroupA,India,hybrid,1,,5
367791,2,1,GroupA,Canada,onsite,2,,5
562887,1,3,GroupC,India,onsite,12,1.0,4
838424,3,6,GroupA,United States,hybrid,7,2.0,3
744122,2,13,GroupB,United States,remote,5,1.0,1
709180,2,2,GroupB,United States,hybrid,6,1.0,3
196118,2,5,GroupA,United States,remote,4,4.0,4
588928,3,5,GroupA,Canada,hybrid,8,2.0,1
317298,3,6,GroupC,United States,onsite,9,2.0,1
416304,1,1,GroupB,United States,remote,4,,5
806204,1,2,GroupC,India,onsite,15,1.0,1
566165,3,20,GroupA,Canada,onsite,6,4.0,3
997376,1,4,GroupA,Canada,remote,2,3.0,2
250990,1,3,GroupA,Canada,hybrid,5,3.0,2
840685,3,7,GroupA,Canada,hybrid,6,4.0,5
368806,2,5,GroupA,Canada,hybrid,4,4.0,2
153775,3,5,GroupA,United States,hybrid,1,4.0,3
589228,1,2,GroupA,United States,remote,4,5.0,3
361172,1,2,GroupC,United States,onsite,1,3.0,2
956356,2,1,GroupA,Canada,remote,1,,5
995247,2,2,GroupB,Canada,hybrid,2,2.0,2
772826,2,12,GroupA,India,hybrid,4,5.0,2
220599,2,2,GroupA,United States,remote,7,4.0,5
852130,1,2,GroupC,United States,hybrid,14,1.0,2
445028,1,2,GroupA,United States,onsite,7,4.0,4
608346,2,6,GroupB,Canada,onsite,5,3.0,3
260490,2,2,GroupB,United States,hybrid,5,4.0,4
531456,1,2,GroupA,India,onsite,10,5.0,4
138591,1,6,GroupA,United States,hybrid,2,3.0,2
612604,3,9,GroupC,India,onsite,11,1.0,2
692359,1,3,GroupA,India,remote,7,2.0,5
370944,1,6,GroupB,Canada,remote,5,3.0,4
783358,1,1,GroupA,Canada,hybrid,4,,5
978538,1,3,GroupA,United States,hybrid,7,5.0,5
686165,1,1,GroupB,Canada,hybrid,1,,4
345397,1,1,GroupC,United States,onsite,10,,5
844451,4,1,GroupC,India,onsite,16,,3
403764,2,2,GroupA,United States,hybrid,8,2.0,3
471142,1,3,GroupA,Canada,hybrid,3,2.0,5
374825,3,4,GroupB,United States,hybrid,6,3.0,4
750681,1,3,GroupB,United States,hybrid,7,5.0,5
517430,1,1,GroupC,India,onsite,11,,1
927806,1,2,GroupD,United States,hybrid,2,4.0,2
775342,4,4,GroupA,United States,remote,12,4.0,3
954463,2,4,GroupD,United States,hybrid,4,5.0,4
652018,1,5,GroupC,United States,hybrid,11,2.0,4
799241,1,4,GroupA,India,remote,10,5.0,4
216013,3,4,GroupD,United States,remote,1,5.0,3
962684,2,3,GroupA,Canada,hybrid,5,4.0,5
119476,1,3,GroupB,United States,onsite,6,2.0,3
449095,2,2,GroupB,United States,remote,14,3.0,4
539713,2,1,GroupA,United States,hybrid,4,,4
530022,1,2,GroupB,Canada,remote,3,3.0,5
355406,1,1,GroupA,Canada,remote,11,,5
702264,2,6,GroupC,United States,onsite,14,2.0,1
617139,2,7,GroupA,United States,hybrid,5,4.0,3
792065,3,9,GroupB,United States,onsite,4,3.0,3
642570,2,1,GroupB,Canada,remote,1,,3
445642,2,5,GroupA,United States,remote,7,5.0,5
136625,2,1,GroupA,Canada,hybrid,2,,3
654981,1,1,GroupA,India,hybrid,4,,1
503984,2,5,GroupA,United States,onsite,9,2.0,3
466794,1,2,GroupB,United States,hybrid,10,4.0,4
755638,2,1,GroupC,India,hybrid,11,,3
279523,1,3,GroupC,India,onsite,12,4.0,1
837822,2,9,GroupA,United States,hybrid,8,4.0,3
403899,4,4,GroupA,India,hybrid,18,5.0,4
948346,2,1,GroupA,India,onsite,5,,5
255209,1,3,GroupA,Canada,onsite,4,4.0,4
881498,1,6,GroupA,India,remote,9,2.0,3
185712,1,2,GroupA,India,hybrid,12,3.0,5
140283,2,1,GroupA,India,remote,7,,3
598708,1,1,GroupA,Canada,remote,3,,1
267855,1,1,GroupA,Canada,hybrid,15,,4
483571,1,3,GroupC,India,onsite,14,4.0,5
711720,2,10,GroupB,United States,remote,12,2.0,3
566418,2,4,GroupB,United States,onsite,8,4.0,2
360539,1,5,GroupA,United States,onsite,7,2.0,2
620415,1,2,GroupC,United States,onsite,8,1.0,1
594433,3,9,GroupC,India,onsite,12,1.0,4
787932,2,12,GroupC,United States,onsite,10,1.0,5
290808,3,6,GroupC,United States,onsite,7,2.0,4
236550,2,10,GroupA,Canada,hybrid,3,5.0,4
834086,1,2,GroupC,United States,onsite,15,3.0,2
560610,1,3,GroupA,Canada,onsite,8,4.0,5
401744,3,4,GroupA,United States,onsite,4,4.0,5
110176,3,7,GroupA,Canada,remote,4,5.0,5
209712,1,3,GroupC,India,hybrid,11,2.0,5
808810,1,1,GroupA,Canada,hybrid,6,,5
943097,2,6,GroupB,United States,remote,2,5.0,5
820487,1,1,GroupB,United States,remote,9,,4
405251,2,4,GroupC,United States,onsite,8,2.0,3
855654,3,5,GroupA,India,onsite,1,2.0,5
775845,1,3,GroupA,India,remote,7,4.0,5
970163,3,4,GroupA,India,hybrid,6,1.0,3
169685,1,2,GroupB,United States,remote,6,4.0,5
865260,2,2,GroupA,India,remote,7,3.0,3
661724,1,3,GroupA,Canada,onsite,5,5.0,2
220313,1,4,GroupA,Canada,onsite,9,4.0,3
291489,1,4,GroupB,United States,hybrid,5,3.0,4
911407,2,8,GroupB,United States,hybrid,13,4.0,1
690885,1,2,GroupA,India,hybrid,3,2.0,5
102580,1,1,GroupC,India,onsite,7,,2
318799,1,3,GroupA,India,remote,6,1.0,3
471807,4,11,GroupB,United States,remote,2,4.0,2
469434,3,2,GroupB,United States,hybrid,4,1.0,5
916349,1,2,GroupA,India,onsite,2,5.0,2
782447,2,5,GroupB,Canada,remote,9,3.0,5
507520,3,9,GroupD,United States,remote,1,1.0,2
253467,3,7,GroupC,India,hybrid,16,2.0,3
318080,1,1,GroupB,Canada,onsite,3,,5
109770,3,3,GroupB,United States,hybrid,10,3.0,2
147548,4,6,GroupB,Canada,hybrid,11,2.0,2
181266,1,4,GroupA,United States,hybrid,5,3.0,1
917136,1,1,GroupA,India,hybrid,7,,2
348911,1,2,GroupA,United States,remote,7,2.0,5
921872,1,3,GroupA,United States,onsite,6,3.0,5
770075,1,1,GroupB,United States,hybrid,4,,2
764145,1,3,GroupA,India,hybrid,16,1.0,5
253463,1,2,GroupA,United States,remote,12,2.0,5
189774,4,7,GroupD,United States,remote,1,5.0,4
159758,2,1,GroupA,United States,onsite,6,,2
921472,1,1,GroupB,Canada,remote,10,,5
700835,1,1,GroupA,Canada,hybrid,11,,1
438124,4,3,GroupC,United States,onsite,7,2.0,2
714872,2,2,GroupB,United States,hybrid,1,3.0,4
767490,1,1,GroupC,India,onsite,9,,1
273722,1,3,GroupC,United States,onsite,11,1.0,4
100072,2,1,GroupC,India,onsite,12,,1
321914,3,18,GroupA,United States,hybrid,11,3.0,1
187779,1,3,GroupA,India,onsite,8,5.0,5
960835,2,2,GroupA,United States,hybrid,1,5.0,3
794362,2,5,GroupB,United States,remote,10,4.0,2
603564,3,5,GroupA,United States,remote,1,1.0,2
357569,2,1,GroupC,United States,onsite,14,,2
388678,1,5,GroupD,United States,hybrid,2,4.0,2
435207,2,3,GroupB,Canada,hybrid,4,4.0,4
760885,1,2,GroupC,United States,onsite,9,3.0,2
573549,1,5,GroupA,United States,hybrid,4,3.0,4
255610,2,2,GroupC,United States,hybrid,9,2.0,2
295061,1,2,GroupB,United States,onsite,13,3.0,2
618729,1,2,GroupA,India,hybrid,18,4.0,3
384555,1,3,GroupA,United States,remote,8,2.0,5
604556,3,4,GroupB,United States,hybrid,10,5.0,5
510440,4,9,GroupB,Canada,remote,4,2.0,5
276532,3,9,GroupA,Canada,remote,12,3.0,5
700677,1,3,GroupA,India,hybrid,7,5.0,5
214575,3,3,GroupA,Canada,hybrid,7,4.0,5
542806,3,6,GroupA,United States,hybrid,3,2.0,4
960394,1,5,GroupA,Canada,remote,8,5.0,2
614137,3,5,GroupA,Canada,remote,3,4.0,3
952396,3,4,GroupD,United States,remote,1,5.0,2
678426,3,7,GroupA,United States,hybrid,6,5.0,2
795585,1,2,GroupC,India,onsite,10,3.0,3
180170,2,3,GroupA,United States,remote,7,4.0,5
936838,2,5,GroupA,India,remote,20,4.0,4
277771,1,1,GroupB,Canada,onsite,17,,5
847190,2,10,GroupA,United States,hybrid,8,5.0,2
376957,2,2,GroupA,United States,remote,3,3.0,5
939643,1,4,GroupC,United States,onsite,12,2.0,1
123595,1,2,GroupB,United States,remote,7,3.0,4
792361,4,10,GroupB,United States,remote,7,4.0,2
178360,2,2,GroupA,United States,remote,3,3.0,4
404432,4,8,GroupA,India,hybrid,7,1.0,3
893369,2,9,GroupA,United States,remote,6,4.0,2
106736,2,10,GroupB,United States,onsite,14,3.0,1
360002,1,2,GroupB,Canada,hybrid,8,3.0,1
795450,1,1,GroupA,India,remote,4,,5
382139,2,4,GroupA,India,hybrid,8,4.0,1
174305,3,2,GroupA,India,onsite,4,3.0,4
420448,3,5,GroupA,India,onsite,6,3.0,4
454094,1,2,GroupC,United States,onsite,11,5.0,2
783728,1,5,GroupB,United States,remote,5,4.0,4
729882,3,3,GroupB,United States,onsite,4,4.0,2
879713,1,2,GroupA,United States,remote,4,1.0,4
766445,1,2,GroupB,United States,hybrid,6,4.0,4
165304,3,4,GroupB,United States,hybrid,5,4.0,1
111502,2,6,GroupA,Canada,hybrid,5,2.0,5
238657,1,2,GroupA,India,remote,6,5.0,1
828441,2,4,GroupC,United States,onsite,15,1.0,2
807592,2,5,GroupB,United States,onsite,14,2.0,5
276162,1,1,GroupA,Canada,hybrid,11,,3
953734,3,3,GroupB,United States,hybrid,9,4.0,5
390267,4,6,GroupD,United States,hybrid,1,5.0,5
416061,1,3,GroupB,United States,remote,2,3.0,5
774456,4,2,GroupB,United States,remote,5,3.0,3
154493,2,1,GroupB,Canada,onsite,5,,5
569437,2,7,GroupA,United States,remote,7,4.0,5
732485,2,1,GroupA,Canada,hybrid,5,,3
229358,1,2,GroupD,United States,remote,8,2.0,1
781768,2,1,GroupC,United States,onsite,11,,1
429802,1,2,GroupA,India,hybrid,6,4.0,5
742912,1,3,GroupA,India,hybrid,10,1.0,4
811042,1,3,GroupA,India,hybrid,5,3.0,5
780480,1,2,GroupC,India,onsite,11,4.0,4
669841,1,3,GroupA,India,hybrid,13,2.0,4
764851,1,5,GroupA,Canada,remote,5,5.0,1
233283,1,2,GroupA,India,onsite,5,2.0,5
978351,1,1,GroupA,Canada,onsite,3,,2
534802,1,2,GroupA,Canada,onsite,2,4.0,5
670760,1,4,GroupA,Canada,remote,7,4.0,3
445445,3,10,GroupA,India,remote,5,4.0,1
917220,2,3,GroupC,India,onsite,13,1.0,1
606764,2,4,GroupA,Canada,remote,6,5.0,3
846488,2,7,GroupC,United States,hybrid,4,2.0,2
636284,3,4,GroupC,India,onsite,14,2.0,4
182247,2,3,GroupA,India,onsite,8,4.0,3
802204,1,2,GroupC,India,onsite,11,2.0,1
969996,2,5,GroupB,Canada,onsite,7,1.0,1
569543,1,6,GroupB,United States,onsite,6,3.0,5
614164,1,1,GroupB,Canada,remote,20,,5
523392,1,3,GroupB,Canada,onsite,4,3.0,3
658675,1,2,GroupA,India,onsite,5,2.0,1
759042,2,2,GroupC,United States,onsite,9,1.0,3
988947,3,5,GroupC,United States,onsite,14,2.0,1
138466,3,3,GroupA,India,hybrid,5,5.0,4
881246,1,1,GroupA,United States,onsite,4,,5
231319,2,6,GroupC,United States,onsite,14,4.0,2
806487,2,5,GroupA,Canada,onsite,1,5.0,3
299217,3,8,GroupA,United States,remote,16,3.0,4
620862,1,2,GroupA,India,hybrid,2,2.0,4
255573,3,5,GroupC,United States,onsite,11,2.0,4
521647,1,5,GroupA,United States,onsite,4,4.0,5
420069,4,3,GroupA,United States,hybrid,3,5.0,5
420669,1,2,GroupA,Canada,hybrid,3,1.0,5
252325,1,1,GroupC,United States,onsite,12,,5
911544,1,3,GroupA,United States,hybrid,5,5.0,5
528764,2,4,GroupC,United States,onsite,20,2.0,3
724598,2,5,GroupC,United States,hybrid,9,1.0,2
978565,2,1,GroupA,India,hybrid,6,,5
754292,3,7,GroupB,United States,onsite,6,4.0,5
580950,4,19,GroupB,United States,hybrid,4,4.0,2
224681,1,4,GroupA,United States,onsite,7,5.0,5
125757,3,1,GroupA,United States,hybrid,5,,3
555343,3,9,GroupA,India,hybrid,5,4.0,1
455429,2,6,GroupB,United States,remote,5,2.0,5
230873,3,4,GroupA,India,hybrid,4,5.0,4
145816,1,3,GroupA,India,remote,20,4.0,5
283225,1,1,GroupB,United States,hybrid,5,,4
891416,1,2,GroupA,United States,remote,8,5.0,5
962504,2,5,GroupA,Canada,hybrid,5,3.0,1
965558,2,2,GroupA,Canada,onsite,1,5.0,5
122373,1,4,GroupA,India,remote,4,5.0,5
788937,1,3,GroupB,Canada,remote,12,2.0,4
790421,2,8,GroupA,India,hybrid,5,1.0,1
927008,3,6,GroupC,United States,onsite,13,4.0,2
513937,2,4,GroupA,India,hybrid,4,4.0,4
115502,1,1,GroupA,United States,remote,4,,5
295329,2,2,GroupC,India,onsite,11,4.0,1
780517,2,6,GroupA,Canada,hybrid,8,2.0,3
381157,1,5,GroupB,United States,remote,8,2.0,2
922764,2,2,GroupA,Canada,hybrid,4,2.0,5
908998,4,8,GroupA,India,hybrid,4,4.0,3
208272,1,2,GroupA,Canada,hybrid,1,3.0,5
648770,1,7,GroupA,United States,onsite,2,3.0,3
902945,2,2,GroupA,United States,onsite,6,5.0,3
737353,3,10,GroupA,India,onsite,3,2.0,2
663998,3,1,GroupA,India,remote,3,,5
509757,3,7,GroupB,United States,hybrid,6,5.0,5
577882,1,1,GroupD,United States,remote,10,,4
849231,1,2,GroupA,Canada,hybrid,16,4.0,2
854665,1,4,GroupB,United States,onsite,5,2.0,4
681616,1,2,GroupA,United States,remote,4,5.0,3
659179,1,1,GroupA,United States,onsite,5,,3
293957,1,4,GroupC,United States,onsite,14,4.0,3
460062,2,1,GroupB,Canada,hybrid,8,,4
490541,3,3,GroupD,United States,hybrid,8,3.0,4
483523,1,2,GroupC,India,onsite,16,1.0,2
363483,3,1,GroupC,United States,onsite,12,,2
149052,1,5,GroupC,India,onsite,18,2.0,1
867664,1,1,GroupA,United States,hybrid,12,,3
529051,2,9,GroupB,United States,hybrid,3,3.0,3
127726,3,2,GroupA,United States,onsite,4,4.0,5
413929,4,1,GroupA,United States,remote,4,,4
430863,1,1,GroupA,India,hybrid,1,,4
337475,1,4,GroupA,Canada,hybrid,5,4.0,1
503504,2,3,GroupA,United States,onsite,8,1.0,2
534981,1,3,GroupA,Canada,onsite,8,5.0,5
320492,2,3,GroupB,Canada,hybrid,4,2.0,3
261843,1,4,GroupB,United States,hybrid,3,2.0,3
108154,2,1,GroupA,United States,remote,1,,4
108485,1,1,GroupA,India,hybrid,3,,4
472223,1,2,GroupB,Canada,hybrid,8,3.0,4
195031,1,2,GroupC,India,onsite,9,3.0,1
546451,1,3,GroupB,United States,remote,9,5.0,4
114297,1,1,GroupB,United States,remote,3,,4
906207,3,5,GroupA,United States,hybrid,4,3.0,5
493810,2,3,GroupA,Canada,hybrid,7,5.0,3
166043,3,1,GroupC,United States,onsite,11,,1
803467,1,2,GroupA,India,hybrid,6,5.0,5
944276,1,2,GroupA,Canada,remote,2,2.0,4
987322,1,2,GroupA,United States,onsite,5,1.0,4
760919,4,3,GroupA,India,hybrid,9,4.0,5
165979,2,2,GroupC,United States,onsite,13,2.0,5
118030,2,3,GroupA,Canada,hybrid,6,5.0,1
509258,1,3,GroupA,United States,hybrid,5,2.0,3
927912,2,3,GroupA,Canada,hybrid,2,4.0,3
489857,2,1,GroupB,United States,remote,7,,5
995595,1,2,GroupC,India,onsite,6,2.0,2
775582,1,1,GroupC,United States,onsite,10,,3
832945,1,2,GroupC,India,onsite,12,2.0,4
521807,1,1,GroupA,United States,hybrid,3,,3
731857,2,5,GroupA,India,remote,3,3.0,3
238433,2,1,GroupA,Canada,hybrid,7,,2
944132,2,8,GroupA,Canada,hybrid,5,2.0,2
322947,1,8,GroupB,United States,hybrid,5,4.0,2
631739,3,8,GroupB,United States,onsite,11,3.0,1
105156,2,8,GroupA,Canada,hybrid,9,4.0,1
141291,1,1,GroupB,United States,remote,4,,3
451286,1,1,GroupB,United States,hybrid,8,,1
374965,3,7,GroupC,United States,onsite,13,3.0,3
218602,2,2,GroupC,India,onsite,1,2.0,2
656625,1,4,GroupC,India,onsite,10,1.0,1
116298,3,5,GroupB,Canada,hybrid,10,3.0,3
590950,2,3,GroupB,United States,hybrid,8,2.0,4
515482,3,5,GroupD,United States,hybrid,2,4.0,5
604276,4,6,GroupA,United States,hybrid,10,3.0,4
255822,2,3,GroupC,India,onsite,15,4.0,4
414766,1,1,GroupA,United States,hybrid,6,,2
574307,2,3,GroupA,India,hybrid,16,2.0,5
183983,4,6,GroupB,United States,hybrid,8,4.0,5
910457,1,1,GroupA,United States,remote,12,,2
591695,1,2,GroupC,United States,onsite,13,1.0,1
191144,3,7,GroupD,United States,remote,9,2.0,3
576999,2,2,GroupB,United States,hybrid,5,4.0,2
654010,2,2,GroupB,Canada,hybrid,5,3.0,5
395254,1,1,GroupC,India,onsite,15,,5
146506,1,6,GroupA,India,hybrid,9,3.0,2
876308,3,5,GroupA,United States,remote,1,4.0,3
946961,2,8,GroupC,United States,onsite,16,3.0,1
894772,2,2,GroupB,United States,remote,11,3.0,4
544815,1,2,GroupA,Canada,hybrid,6,4.0,5
697445,1,3,GroupC,United States,onsite,10,1.0,1
262878,4,9,GroupC,United States,onsite,14,1.0,1
525866,3,3,GroupD,United States,hybrid,2,5.0,3
517442,1,3,GroupB,United States,hybrid,6,2.0,5
761883,2,2,GroupB,United States,hybrid,11,3.0,4
836850,4,5,GroupB,United States,onsite,16,3.0,3
757951,3,14,GroupA,India,hybrid,8,1.0,2
608601,1,2,GroupB,United States,remote,9,4.0,5
887544,1,1,GroupA,United States,remote,1,,5
331288,1,2,GroupC,India,onsite,10,4.0,1
442536,1,3,GroupB,Canada,remote,12,1.0,3
891526,1,2,GroupB,Canada,onsite,4,3.0,3
971974,2,1,GroupA,Canada,remote,5,,5
909671,2,2,GroupD,United States,remote,6,5.0,5
557259,1,1,GroupA,India,remote,6,,4
668747,1,2,GroupA,United States,remote,4,4.0,4
409558,1,2,GroupA,Canada,onsite,11,4.0,4
552666,3,18,GroupB,United States,hybrid,6,5.0,1
922258,2,1,GroupA,Canada,remote,5,,2
986491,1,2,GroupB,United States,remote,3,3.0,5
562292,1,2,GroupA,India,remote,5,2.0,2
875809,3,7,GroupA,Canada,hybrid,5,4.0,3
561763,1,2,GroupA,Canada,hybrid,6,4.0,5
667358,2,3,GroupC,United States,onsite,13,1.0,3
929063,2,4,GroupC,India,hybrid,12,1.0,4
986111,1,1,GroupA,India,hybrid,9,,4
595936,1,3,GroupC,United States,onsite,19,3.0,1
831189,1,1,GroupA,Canada,hybrid,15,,5
988571,1,2,GroupA,Canada,hybrid,3,2.0,4
136348,4,6,GroupC,India,onsite,19,1.0,1
401910,1,1,GroupA,United States,onsite,13,,5
667280,2,6,GroupD,United States,hybrid,5,1.0,3
594019,1,2,GroupA,United States,remote,4,2.0,4
137191,3,2,GroupA,United States,hybrid,7,4.0,4
547476,1,1,GroupA,Canada,remote,4,,5
408075,1,3,GroupA,India,hybrid,6,1.0,5
583628,2,4,GroupB,United States,remote,4,3.0,5
667369,2,1,GroupC,India,onsite,12,,1
779474,1,3,GroupB,United States,onsite,11,5.0,5
316535,3,9,GroupB,Canada,remote,6,4.0,3
926990,1,3,GroupA,India,hybrid,6,4.0,3
552275,1,5,GroupB,United States,hybrid,6,4.0,5
919878,1,3,GroupC,United States,onsite,14,2.0,3
604252,1,1,GroupA,United States,remote,5,,4
479766,3,11,GroupC,United States,onsite,12,5.0,1
546559,3,4,GroupA,United States,hybrid,6,4.0,3
683505,1,5,GroupB,United States,hybrid,4,2.0,4
289606,3,3,GroupA,India,remote,5,4.0,4
109430,1,3,GroupA,India,onsite,15,4.0,5
400764,3,3,GroupB,Canada,onsite,4,3.0,5
682507,2,4,GroupA,India,hybrid,8,5.0,4
223925,3,7,GroupA,India,remote,9,4.0,3
764532,3,7,GroupA,United States,hybrid,8,3.0,5
983901,1,3,GroupC,United States,onsite,10,4.0,1
877442,1,1,GroupA,Canada,remote,5,,3
834096,3,7,GroupB,United States,hybrid,8,5.0,4
719788,3,9,GroupB,United States,remote,10,3.0,3
247923,1,2,GroupB,United States,hybrid,4,4.0,4
288552,2,5,GroupB,United States,remote,1,3.0,2
961370,1,6,GroupB,United States,hybrid,5,5.0,3
561940,1,1,GroupA,United States,onsite,7,,3
506475,1,1,GroupA,Canada,hybrid,10,,5
515966,1,2,GroupA,India,hybrid,13,3.0,4
246311,1,3,GroupA,United States,onsite,5,4.0,3
761550,1,1,GroupA,United States,hybrid,11,,5
990165,3,3,GroupB,Canada,hybrid,2,3.0,5
563799,2,10,GroupB,Canada,hybrid,10,5.0,4
179868,1,5,GroupB,United States,hybrid,1,2.0,2
127278,2,3,GroupB,Canada,onsite,5,4.0,3
831560,1,1,GroupB,United States,onsite,8,,5
688878,1,4,GroupB,United States,onsite,3,3.0,3
514796,1,2,GroupA,United States,hybrid,4,5.0,2
393693,2,2,GroupA,Canada,onsite,1,5.0,2
196522,2,5,GroupB,United States,onsite,4,2.0,2
855770,2,3,GroupA,India,hybrid,7,4.0,5
157097,3,2,GroupB,Canada,hybrid,7,4.0,1
849566,2,2,GroupA,Canada,hybrid,10,4.0,3
571496,1,3,GroupA,Canada,hybrid,6,3.0,5
401774,1,1,GroupB,United States,hybrid,1,,5
903519,1,2,GroupC,India,onsite,14,2.0,3
928771,2,1,GroupA,United States,hybrid,3,,3
366274,1,1,GroupB,United States,hybrid,8,,2
443986,2,4,GroupC,United States,hybrid,10,4.0,2
296075,1,1,GroupC,India,hybrid,11,,1
274646,2,2,GroupA,India,hybrid,5,4.0,4
401033,2,1,GroupC,United States,onsite,6,,2
408011,3,4,GroupA,Canada,onsite,3,2.0,4
165289,2,2,GroupB,Canada,onsite,3,4.0,5
780456,2,1,GroupA,United States,remote,8,,1
313072,2,7,GroupC,India,onsite,14,4.0,2
644218,2,8,GroupC,India,onsite,11,2.0,3
486172,3,8,GroupA,Canada,hybrid,14,4.0,1
530489,2,2,GroupA,India,remote,4,2.0,5
210583,4,6,GroupB,Canada,hybrid,10,4.0,2
463895,1,2,GroupC,India,onsite,10,1.0,3
470520,1,4,GroupA,India,remote,7,4.0,2
250128,1,3,GroupA,United States,remote,7,2.0,3
226487,1,5,GroupB,Canada,hybrid,4,5.0,5
722403,1,4,GroupB,Canada,hybrid,5,4.0,4
639357,1,3,GroupA,Canada,hybrid,16,5.0,1
451453,1,3,GroupA,United States,remote,6,4.0,2
405795,1,5,GroupA,United States,hybrid,4,2.0,3
310546,1,8,GroupB,United States,remote,12,4.0,2
675209,1,1,GroupD,United States,hybrid,6,,3
678045,1,6,GroupA,India,remote,5,1.0,4
128960,1,2,GroupB,United States,hybrid,6,3.0,5
666528,3,1,GroupC,United States,hybrid,12,,1
382374,1,1,GroupA,India,hybrid,9,,4
503289,1,2,GroupA,United States,hybrid,5,2.0,3
424788,2,3,GroupB,United States,onsite,3,3.0,4
292800,1,4,GroupB,Canada,hybrid,2,1.0,1
372675,1,2,GroupA,Canada,remote,8,4.0,4
439025,2,2,GroupA,United States,hybrid,3,2.0,4
552503,3,2,GroupD,United States,hybrid,2,5.0,2
812300,2,1,GroupA,United States,hybrid,5,,2
812316,3,1,GroupA,United States,remote,3,,4
161573,2,7,GroupB,United States,hybrid,6,2.0,2
748115,3,3,GroupA,India,hybrid,11,2.0,4
851356,1,1,GroupD,United States,hybrid,4,,4
163885,1,2,GroupA,Canada,onsite,4,4.0,3
562326,1,2,GroupA,Canada,hybrid,5,5.0,3
966008,2,2,GroupB,United States,remote,4,3.0,2
267623,1,2,GroupB,Canada,hybrid,17,4.0,3
555125,1,2,GroupD,United States,remote,1,5.0,4
542349,2,1,GroupA,United States,hybrid,5,,5
486223,1,2,GroupB,Canada,hybrid,10,4.0,4
203526,3,6,GroupB,United States,hybrid,5,2.0,3
626818,1,2,GroupA,United States,hybrid,5,2.0,5
548522,3,9,GroupC,United States,onsite,12,2.0,1
833388,3,5,GroupC,United States,onsite,13,2.0,1
643845,1,1,GroupA,Canada,hybrid,13,,5
602358,1,2,GroupA,United States,hybrid,6,4.0,5
621570,1,4,GroupB,United States,remote,4,1.0,3
699322,3,5,GroupA,India,onsite,13,3.0,2
753220,1,2,GroupC,United States,onsite,8,5.0,1
980947,1,5,GroupA,Canada,hybrid,6,1.0,4
169577,1,1,GroupA,United States,remote,9,,2
175467,1,5,GroupA,India,remote,6,5.0,3
222446,2,7,GroupB,United States,onsite,4,4.0,3
271139,2,2,GroupB,Canada,hybrid,5,3.0,4
169253,2,7,GroupA,United States,hybrid,10,4.0,4
605719,2,2,GroupA,United States,hybrid,15,4.0,3
649699,1,5,GroupD,United States,hybrid,6,1.0,4
241914,1,2,GroupA,United States,remote,5,4.0,3
651169,3,11,GroupC,United States,hybrid,10,5.0,3
796549,1,2,GroupC,India,onsite,7,2.0,1
849070,3,7,GroupA,United States,onsite,11,5.0,4
217981,3,4,GroupC,India,onsite,7,3.0,1
805329,1,1,GroupA,India,remote,6,,5
893213,1,3,GroupA,United States,remote,2,4.0,4
308364,3,1,GroupB,United States,hybrid,5,,2
598536,3,6,GroupB,United States,hybrid,3,4.0,3
580199,4,9,GroupC,United States,onsite,12,1.0,1
110752,3,3,GroupA,United States,remote,7,5.0,3
863233,1,2,GroupA,Canada,hybrid,8,4.0,5
949574,1,3,GroupC,India,onsite,16,5.0,2
141263,1,4,GroupC,India,onsite,14,5.0,2
300348,3,3,GroupB,Canada,onsite,4,5.0,3
520763,3,16,GroupB,United States,remote,6,5.0,1
355361,2,8,GroupC,United States,onsite,8,3.0,4
793986,1,2,GroupC,United States,onsite,10,4.0,2
134673,2,13,GroupC,United States,onsite,12,3.0,1
396655,1,3,GroupA,United States,remote,7,2.0,2
146147,1,1,GroupD,United States,remote,1,,5
298314,1,3,GroupA,Canada,remote,5,5.0,3
788563,3,3,GroupC,United States,onsite,14,3.0,1
202459,2,2,GroupD,United States,remote,3,5.0,5
196359,1,6,GroupA,India,hybrid,7,5.0,5
792950,1,3,GroupA,India,hybrid,6,1.0,4
714498,1,2,GroupB,Canada,hybrid,6,5.0,5
195978,4,7,GroupA,India,remote,5,4.0,2
968450,1,4,GroupC,United States,onsite,12,1.0,2
806353,1,1,GroupA,United States,hybrid,4,,3
935936,4,7,GroupD,United States,hybrid,1,2.0,1
594535,1,2,GroupB,United States,hybrid,1,4.0,5
450900,2,2,GroupC,United States,onsite,13,4.0,3
714301,1,2,GroupB,Canada,onsite,7,1.0,4
917464,2,2,GroupC,India,hybrid,10,5.0,3
951439,2,6,GroupA,United States,hybrid,5,5.0,2
638133,3,9,GroupB,United States,onsite,19,2.0,3
472665,2,4,GroupA,Canada,hybrid,2,3.0,5
888988,1,1,GroupA,India,remote,5,,5
104725,1,3,GroupB,Canada,hybrid,6,3.0,4
214355,1,2,GroupB,Canada,remote,6,4.0,3
857011,1,3,GroupC,India,onsite,15,5.0,1
596529,1,2,GroupB,United States,hybrid,13,4.0,4
937395,2,12,GroupC,United States,onsite,18,4.0,2
446236,1,5,GroupB,United States,onsite,4,3.0,4
215399,1,2,GroupB,Canada,hybrid,6,2.0,4
835593,1,2,GroupC,India,onsite,7,2.0,2
289442,4,4,GroupC,United States,onsite,16,5.0,1
725602,1,1,GroupA,United States,hybrid,5,,5
775433,2,7,GroupD,United States,hybrid,2,3.0,1
542189,2,5,GroupA,United States,remote,4,3.0,2
408497,1,3,GroupA,India,remote,6,1.0,2
472974,3,3,GroupB,United States,hybrid,5,3.0,3
317157,1,1,GroupA,India,onsite,14,,4
198016,1,4,GroupC,United States,onsite,17,2.0,4
544469,4,5,GroupB,Canada,remote,6,5.0,2
899641,3,3,GroupB,United States,remote,1,2.0,3
951535,3,6,GroupD,United States,remote,1,3.0,2
625925,1,3,GroupB,Canada,hybrid,4,5.0,4
529165,1,2,GroupA,United States,remote,6,2.0,5
873863,3,17,GroupC,United States,onsite,14,1.0,2
768017,1,2,GroupA,United States,onsite,6,5.0,5
610318,1,6,GroupA,Canada,hybrid,2,4.0,4
107397,2,3,GroupC,United States,onsite,10,3.0,1
401630,1,3,GroupA,United States,onsite,2,5.0,4
216258,2,2,GroupA,United States,hybrid,16,5.0,3
532454,1,1,GroupA,India,onsite,7,,2
677187,2,2,GroupA,United States,onsite,6,3.0,4
134669,1,4,GroupB,United States,onsite,7,4.0,4
808259,1,1,GroupC,India,onsite,11,,1
640423,1,3,GroupA,Canada,hybrid,18,2.0,3
262784,3,13,GroupA,United States,remote,9,5.0,2
731421,2,7,GroupA,United States,hybrid,10,4.0,5
847089,1,1,GroupA,Canada,remote,2,,2
475966,1,2,GroupA,India,remote,4,3.0,5
236833,1,3,GroupA,Canada,hybrid,3,2.0,3
845000,2,10,GroupA,India,hybrid,5,5.0,1
406450,1,5,GroupB,United States,onsite,7,4.0,1
952805,2,2,GroupC,United States,onsite,15,3.0,1
382669,1,1,GroupA,United States,hybrid,4,,4
846961,2,10,GroupB,Canada,onsite,6,2.0,5
307195,3,5,GroupA,United States,hybrid,8,2.0,1
181684,2,5,GroupA,United States,onsite,3,4.0,4
497041,2,2,GroupC,India,onsite,14,1.0,2
848806,3,1,GroupC,United States,hybrid,16,,1
297163,1,3,GroupA,United States,hybrid,7,3.0,2
651689,1,4,GroupA,Canada,hybrid,17,4.0,4
742539,3,2,GroupA,Canada,remote,3,1.0,5
839595,2,3,GroupA,India,hybrid,11,4.0,4
341689,1,4,GroupA,Canada,remote,14,4.0,5
555966,4,7,GroupA,Canada,onsite,18,3.0,4
104268,1,3,GroupA,Canada,hybrid,4,1.0,5
839237,3,1,GroupA,United States,hybrid,5,,5
328657,1,1,GroupB,United States,hybrid,5,,3
870974,4,5,GroupA,Canada,remote,1,1.0,5
659630,1,1,GroupA,Canada,onsite,8,,2
762867,1,1,GroupB,United States,remote,4,,3
762768,1,3,GroupA,Canada,hybrid,10,5.0,1
670336,3,3,GroupB,Canada,hybrid,10,5.0,4
575845,3,1,GroupB,United States,remote,5,,5
384203,2,4,GroupA,United States,hybrid,6,4.0,2
733624,2,12,GroupC,United States,onsite,12,3.0,1
158812,1,3,GroupA,United States,onsite,5,5.0,3
767989,4,2,GroupA,United States,remote,8,5.0,3
238546,1,1,GroupA,India,hybrid,1,,4
626570,3,7,GroupA,United States,hybrid,8,3.0,3
125077,2,1,GroupA,United States,onsite,5,,3
156259,2,1,GroupD,United States,hybrid,2,,4
175851,1,3,GroupB,United States,onsite,8,2.0,2
961411,1,2,GroupB,United States,hybrid,7,1.0,5
919621,2,2,GroupA,India,remote,8,2.0,5
348233,2,4,GroupA,Canada,remote,3,3.0,5
278295,1,2,GroupA,United States,hybrid,1,4.0,5
713842,1,4,GroupA,India,hybrid,7,3.0,3
973745,3,2,GroupA,United States,remote,6,4.0,4
677531,2,6,GroupA,United States,hybrid,6,4.0,1
467309,2,2,GroupA,United States,onsite,3,5.0,5
842671,1,3,GroupA,India,remote,9,5.0,5
348751,1,1,GroupA,Canada,remote,5,,4
566180,1,1,GroupA,United States,hybrid,10,,4
832674,1,2,GroupA,Canada,hybrid,1,4.0,1
715675,3,7,GroupA,Canada,onsite,6,1.0,3
633025,3,5,GroupD,United States,hybrid,2,5.0,5
526469,1,1,GroupB,United States,hybrid,18,,5
751246,1,2,GroupB,United States,remote,7,5.0,2
675818,3,7,GroupA,United States,remote,5,1.0,4
997966,1,1,GroupB,United States,remote,4,,3
352306,2,14,GroupC,India,onsite,10,2.0,1
494440,1,1,GroupA,Canada,hybrid,3,,4
796425,1,3,GroupC,United States,onsite,16,4.0,1
992670,1,1,GroupA,India,remote,7,,4
220943,3,7,GroupB,Canada,hybrid,20,4.0,5
993976,1,3,GroupA,United States,remote,3,5.0,3
241021,1,2,GroupA,India,remote,6,4.0,4
456322,2,2,GroupA,India,hybrid,5,4.0,2
593036,1,4,GroupC,United States,hybrid,15,1.0,2
109655,2,1,GroupA,United States,hybrid,5,,5
728913,1,2,GroupB,Canada,remote,6,4.0,5
353615,1,1,GroupC,India,onsite,14,,2
216850,3,3,GroupA,India,hybrid,4,5.0,4
741951,1,2,GroupC,United States,onsite,12,3.0,3
795034,1,1,GroupC,United States,onsite,9,,3
283311,1,1,GroupA,United States,onsite,3,,3
405172,1,5,GroupA,Canada,hybrid,3,4.0,3
307446,1,1,GroupC,United States,onsite,15,,3
617398,1,1,GroupD,United States,hybrid,8,,4
680823,1,1,GroupA,United States,onsite,4,,4
899100,1,1,GroupA,Canada,onsite,1,,4
320092,4,2,GroupD,United States,remote,4,4.0,5
600181,2,2,GroupC,United States,onsite,12,4.0,2
485364,1,5,GroupC,United States,onsite,9,1.0,1
550249,1,3,GroupB,United States,remote,1,1.0,4
736986,2,9,GroupB,Canada,hybrid,1,4.0,2
142605,1,2,GroupB,Canada,hybrid,5,4.0,4
746461,2,4,GroupC,India,onsite,8,3.0,4
377740,2,4,GroupD,United States,remote,5,4.0,5
186420,3,4,GroupA,United States,hybrid,3,4.0,2
123019,1,3,GroupA,United States,hybrid,5,2.0,3
841847,2,6,GroupA,United States,onsite,6,4.0,3
643914,1,1,GroupA,Canada,hybrid,6,,5
644495,1,1,GroupA,United States,remote,4,,5
315729,1,1,GroupA,United States,hybrid,6,,4
740644,2,3,GroupA,United States,hybrid,4,3.0,5
312298,1,3,GroupB,United States,hybrid,5,5.0,2
164301,2,2,GroupA,India,remote,5,5.0,3
728959,2,4,GroupA,United States,onsite,8,1.0,4
713868,4,1,GroupA,India,remote,5,,3
959925,1,3,GroupB,United States,hybrid,20,5.0,5
786273,2,1,GroupB,United States,remote,7,,5
926702,3,3,GroupA,Canada,remote,8,5.0,3
946601,1,2,GroupA,India,hybrid,5,2.0,5
457927,1,6,GroupB,United States,onsite,3,5.0,4
872264,4,20,GroupC,India,hybrid,16,1.0,2
210735,3,6,GroupB,United States,hybrid,8,1.0,5
546197,1,2,GroupB,United States,hybrid,6,4.0,3
345087,3,4,GroupA,United States,remote,8,5.0,5
876753,2,2,GroupC,India,onsite,12,1.0,2
594682,1,3,GroupA,India,hybrid,4,4.0,5
671382,1,2,GroupA,India,onsite,6,5.0,4
108620,3,5,GroupA,Canada,hybrid,4,3.0,5
305725,3,8,GroupC,United States,hybrid,13,1.0,1
423623,1,4,GroupC,India,onsite,11,1.0,2
245367,2,1,GroupA,Canada,remote,7,,4
494984,1,1,GroupC,United States,onsite,11,,2
524526,1,2,GroupC,India,onsite,12,3.0,4
207310,2,1,GroupA,India,onsite,6,,3
772134,1,2,GroupA,United States,onsite,5,5.0,4
503385,3,9,GroupA,United States,onsite,8,4.0,3
101720,1,2,GroupC,India,onsite,9,3.0,3
233710,1,1,GroupD,United States,hybrid,3,,3
695078,1,4,GroupA,India,hybrid,5,4.0,5
242505,2,4,GroupB,United States,hybrid,12,4.0,4
561893,2,3,GroupA,Canada,remote,7,3.0,3
651657,2,5,GroupA,Canada,hybrid,5,5.0,3
254063,2,6,GroupC,United States,onsite,10,1.0,2
481709,1,3,GroupA,India,hybrid,10,3.0,4
345682,2,4,GroupC,United States,onsite,9,1.0,3
760757,1,2,GroupC,India,onsite,7,4.0,1
805314,1,6,GroupA,India,hybrid,8,4.0,4
530235,3,4,GroupC,India,onsite,12,4.0,1
719773,1,2,GroupB,United States,remote,1,3.0,2
499955,2,1,GroupA,India,onsite,5,,3
950568,1,1,GroupC,United States,onsite,12,,1
742362,1,3,GroupA,Canada,hybrid,16,5.0,5
205299,3,5,GroupC,United States,onsite,11,2.0,1
323376,3,7,GroupA,United States,remote,9,5.0,5
637991,2,4,GroupA,Canada,onsite,4,4.0,2
817902,2,9,GroupC,United States,onsite,18,3.0,3
479836,2,1,GroupB,United States,onsite,1,,4
641618,3,4,GroupB,Canada,hybrid,3,2.0,3
337703,1,1,GroupA,Canada,remote,1,,1
518196,1,2,GroupC,United States,onsite,12,4.0,3
271751,1,5,GroupA,United States,remote,5,5.0,4
280315,3,2,GroupC,India,onsite,14,5.0,3
128591,1,2,GroupA,United States,hybrid,7,4.0,3
388579,1,4,GroupC,United States,hybrid,11,3.0,1
438483,1,1,GroupA,Canada,hybrid,11,,5
383197,1,4,GroupA,India,onsite,1,5.0,2
266010,2,1,GroupB,Canada,onsite,4,,5
170593,2,5,GroupA,United States,onsite,5,4.0,3
811399,3,4,GroupA,Canada,onsite,3,4.0,4
994173,1,2,GroupA,India,remote,5,4.0,1
513632,1,3,GroupB,United States,onsite,5,3.0,1
741177,1,1,GroupC,India,onsite,12,,5
386313,1,7,GroupA,Canada,hybrid,1,5.0,4
778919,4,3,GroupA,United States,remote,5,5.0,5
364627,3,4,GroupC,India,onsite,5,2.0,5
427105,3,2,GroupA,India,hybrid,20,2.0,5
528475,1,4,GroupA,United States,onsite,13,2.0,5
576103,2,4,GroupC,United States,onsite,16,3.0,2
768297,2,2,GroupC,India,onsite,12,1.0,1
451358,1,5,GroupA,United States,onsite,3,4.0,4
751544,1,3,GroupB,United States,hybrid,4,2.0,4
811693,1,2,GroupA,United States,remote,7,4.0,4
843755,2,1,GroupA,Canada,remote,5,,5
476649,2,2,GroupC,United States,onsite,12,1.0,1
966724,1,4,GroupB,United States,onsite,8,3.0,4
756033,1,3,GroupA,United States,remote,4,2.0,5
318748,1,1,GroupA,United States,hybrid,11,,2
205823,2,2,GroupD,United States,hybrid,10,4.0,5
510456,1,1,GroupB,United States,hybrid,16,,1
432951,3,6,GroupC,India,onsite,12,1.0,2
998667,1,1,GroupD,United States,hybrid,2,,3
649830,1,5,GroupB,United States,hybrid,4,1.0,4
101932,1,1,GroupD,United States,remote,2,,5
877961,2,1,GroupB,United States,remote,1,,5
711121,1,2,GroupA,United States,remote,5,5.0,4
171212,1,1,GroupA,United States,onsite,3,,5
540242,1,1,GroupC,India,onsite,13,,5
548510,3,5,GroupB,United States,onsite,10,3.0,1
787953,1,5,GroupA,India,onsite,3,3.0,5
323835,1,3,GroupA,United States,hybrid,8,5.0,1
214351,2,3,GroupB,United States,hybrid,13,4.0,4
354841,2,4,GroupA,Canada,remote,6,3.0,3
440079,1,4,GroupA,Canada,hybrid,1,4.0,5
727363,1,2,GroupA,India,hybrid,7,4.0,4
915577,1,2,GroupA,United States,onsite,9,2.0,5
766550,1,2,GroupA,India,hybrid,5,5.0,5
320221,1,2,GroupA,India,hybrid,8,4.0,2
482019,1,2,GroupA,India,hybrid,6,3.0,3
778834,1,5,GroupA,United States,remote,1,4.0,2
732386,4,5,GroupA,United States,onsite,10,4.0,2
772121,3,12,GroupB,United States,remote,6,4.0,5
750746,2,6,GroupA,India,hybrid,10,5.0,1
375237,2,5,GroupC,United States,onsite,12,5.0,2
241387,1,1,GroupA,India,remote,3,,5
431535,1,3,GroupA,United States,hybrid,7,3.0,4
337020,2,2,GroupA,India,remote,9,1.0,4
337660,1,4,GroupC,United States,onsite,11,3.0,3
208227,1,2,GroupB,Canada,hybrid,3,2.0,5
662201,1,4,GroupA,India,remote,11,5.0,4
790486,2,4,GroupB,United States,hybrid,4,4.0,5
603130,2,6,GroupA,United States,hybrid,9,2.0,3
205494,1,2,GroupA,India,hybrid,6,4.0,4
220017,2,1,GroupB,United States,hybrid,19,,5
949609,1,2,GroupB,United States,hybrid,16,4.0,1
156523,1,2,GroupB,United States,remote,17,3.0,5
415042,1,1,GroupA,India,hybrid,7,,2
642017,3,7,GroupC,United States,onsite,13,5.0,3
454047,3,7,GroupA,India,hybrid,5,5.0,1
705534,1,2,GroupA,Canada,remote,3,1.0,3
730412,1,4,GroupA,United States,onsite,10,5.0,2
599872,2,6,GroupC,India,onsite,12,2.0,3
456277,2,12,GroupB,United States,remote,6,3.0,5
148502,1,2,GroupA,United States,hybrid,4,3.0,4
428323,1,2,GroupB,United States,hybrid,7,3.0,4
722722,1,3,GroupB,United States,remote,2,3.0,5
633702,1,2,GroupC,India,onsite,11,2.0,1
739717,1,2,GroupA,Canada,hybrid,5,3.0,4
181709,1,3,GroupA,United States,hybrid,8,3.0,5
626618,3,5,GroupA,Canada,remote,4,4.0,4
293436,2,3,GroupA,United States,hybrid,2,5.0,1
326470,4,6,GroupA,United States,hybrid,5,2.0,2
369475,1,4,GroupC,India,onsite,19,3.0,3
390887,2,2,GroupA,India,remote,8,4.0,4
140147,2,5,GroupA,United States,hybrid,9,3.0,5
703332,1,1,GroupA,India,hybrid,5,,5
667115,1,3,GroupD,United States,remote,1,4.0,5
599631,1,4,GroupA,India,hybrid,6,4.0,5
299730,1,1,GroupA,India,hybrid,2,,2
570613,1,4,GroupA,Canada,onsite,3,3.0,2
250970,1,1,GroupA,India,hybrid,3,,5
361733,1,2,GroupC,United States,onsite,14,1.0,2
476704,1,2,GroupA,Canada,remote,5,4.0,4
401396,1,1,GroupA,India,hybrid,10,,2
187327,1,2,GroupA,Canada,hybrid,4,3.0,5
339347,2,3,GroupA,India,hybrid,1,5.0,5
392148,2,1,GroupA,India,hybrid,7,,5
203704,4,5,GroupA,Canada,onsite,16,2.0,1
988962,2,4,GroupB,United States,hybrid,8,4.0,4
312638,1,6,GroupC,United States,onsite,12,4.0,3
584523,1,1,GroupA,Canada,hybrid,5,,3
583064,2,4,GroupA,United States,onsite,1,2.0,3
602729,1,4,GroupA,United States,onsite,4,3.0,1
423273,1,4,GroupA,United States,remote,6,5.0,4
942194,1,2,GroupC,India,onsite,14,1.0,3
460755,1,3,GroupB,United States,remote,1,4.0,2
222261,2,4,GroupA,India,hybrid,5,5.0,5
775180,1,3,GroupA,Canada,onsite,7,5.0,5
782649,2,7,GroupB,Canada,hybrid,3,2.0,2
344950,2,2,GroupA,Canada,hybrid,7,5.0,5
613046,2,2,GroupB,United States,onsite,5,3.0,5
952452,3,5,GroupA,United States,remote,4,4.0,1
402031,4,7,GroupA,Canada,hybrid,10,4.0,4
698217,1,1,GroupA,United States,remote,3,,3
772165,4,1,GroupB,Canada,hybrid,5,,3
370503,1,1,GroupB,United States,hybrid,6,,4
598757,1,1,GroupC,India,onsite,9,,2
349735,2,4,GroupA,United States,remote,10,1.0,5
444018,1,2,GroupA,India,hybrid,1,5.0,5
833585,1,2,GroupA,United States,onsite,2,5.0,5
736648,1,2,GroupA,Canada,hybrid,4,2.0,3
625833,1,7,GroupC,United States,onsite,11,1.0,1
565548,2,2,GroupA,India,hybrid,9,5.0,4
832636,4,5,GroupA,India,hybrid,5,1.0,5
508965,2,5,GroupC,United States,onsite,12,3.0,3
652877,1,1,GroupB,United States,remote,6,,3
610073,1,1,GroupC,United States,onsite,10,,2
606374,4,5,GroupA,India,onsite,5,4.0,1
244120,1,2,GroupB,United States,remote,4,3.0,4
368938,4,2,GroupC,India,onsite,6,4.0,1
273809,1,3,GroupC,United States,onsite,12,3.0,1
247749,2,3,GroupA,India,remote,4,4.0,5
877058,1,4,GroupA,India,remote,6,3.0,4
494652,2,3,GroupB,United States,onsite,10,4.0,4
747391,1,2,GroupB,United States,remote,4,1.0,2
603599,1,2,GroupA,India,hybrid,6,2.0,4
177623,1,3,GroupC,India,onsite,13,2.0,4
850496,2,7,GroupA,Canada,onsite,5,3.0,4
848133,2,3,GroupC,United States,onsite,14,1.0,2
141922,1,1,GroupC,India,hybrid,14,,1
780692,1,2,GroupB,United States,hybrid,17,1.0,3
329400,3,6,GroupC,United States,onsite,6,3.0,3
886488,1,1,GroupA,Canada,hybrid,6,,2
910990,1,1,GroupA,Canada,hybrid,5,,3
679300,1,1,GroupA,United States,onsite,2,,3
127539,1,2,GroupA,India,hybrid,18,3.0,3
624085,1,1,GroupA,United States,hybrid,8,,4
245018,2,5,GroupA,Canada,onsite,4,1.0,2
842134,1,1,GroupC,India,onsite,13,,5
580938,2,14,GroupA,Canada,hybrid,5,4.0,3
215656,1,3,GroupA,India,onsite,14,4.0,5
317541,2,2,GroupC,India,onsite,12,1.0,1
840602,1,5,GroupB,United States,hybrid,3,3.0,4
952491,1,1,GroupA,India,hybrid,4,,5
314763,3,5,GroupD,United States,remote,3,3.0,5
189400,2,4,GroupA,United States,remote,5,4.0,4
417145,1,4,GroupA,India,hybrid,5,4.0,3
513917,2,2,GroupC,India,onsite,10,1.0,1
864376,1,1,GroupB,United States,onsite,8,,5
941115,2,3,GroupC,United States,onsite,12,4.0,2
208514,1,2,GroupA,Canada,hybrid,6,4.0,5
899567,3,4,GroupA,India,hybrid,1,4.0,1
947181,4,6,GroupA,United States,remote,4,5.0,2
252540,1,4,GroupD,United States,hybrid,1,3.0,2
509802,3,3,GroupA,India,onsite,5,3.0,5
406954,1,2,GroupB,United States,remote,6,4.0,5
725203,2,5,GroupC,United States,onsite,11,5.0,1
143253,2,8,GroupA,Canada,remote,10,3.0,3
385781,3,10,GroupB,United States,hybrid,7,3.0,5
699259,2,7,GroupC,United States,hybrid,13,2.0,1
350559,1,1,GroupC,United States,onsite,13,,5
614014,2,3,GroupB,United States,onsite,10,2.0,3
898837,1,1,GroupC,India,hybrid,14,,2
873475,3,6,GroupA,Canada,hybrid,9,4.0,2
464192,1,1,GroupA,India,hybrid,5,,3
859885,2,1,GroupA,India,hybrid,8,,3
229913,1,2,GroupD,United States,remote,3,2.0,4
193476,2,8,GroupA,India,hybrid,7,2.0,2
557455,1,1,GroupC,India,onsite,12,,5
184146,1,4,GroupB,United States,onsite,4,4.0,4
484482,2,4,GroupC,United States,onsite,13,2.0,1
940523,2,1,GroupC,United States,onsite,15,,2
175123,1,4,GroupB,United States,remote,11,4.0,5
291072,1,1,GroupB,United States,onsite,4,,5
758127,3,5,GroupB,United States,onsite,5,5.0,4
519022,1,6,GroupA,India,hybrid,5,5.0,3
467824,1,3,GroupB,Canada,onsite,4,1.0,5
726381,1,1,GroupB,United States,onsite,4,,2
751581,1,2,GroupC,India,onsite,11,1.0,5
479759,1,2,GroupA,United States,hybrid,5,2.0,5
380883,2,2,GroupA,United States,hybrid,10,3.0,1
459709,1,2,GroupA,India,hybrid,7,4.0,4
755917,3,3,GroupA,United States,hybrid,6,3.0,5
831189,4,10,GroupB,United States,onsite,13,1.0,2
642323,1,3,GroupA,United States,onsite,9,5.0,5
845752,1,2,GroupA,Canada,remote,8,1.0,3
125847,2,7,GroupC,United States,onsite,11,4.0,1
609656,1,7,GroupA,United States,onsite,10,2.0,5
230533,3,5,GroupD,United States,hybrid,2,5.0,4
505405,3,1,GroupC,United States,onsite,16,,3
537644,2,2,GroupB,United States,onsite,5,3.0,3
410725,2,3,GroupB,United States,hybrid,7,4.0,4
406608,2,2,GroupB,Canada,onsite,6,4.0,5
569730,2,4,GroupB,United States,remote,3,5.0,5
715973,2,2,GroupC,India,onsite,10,2.0,2
280554,1,1,GroupC,United States,onsite,13,,1
831588,1,1,GroupC,India,onsite,15,,2
380676,2,2,GroupB,United States,hybrid,10,1.0,3
717389,2,1,GroupC,United States,onsite,12,,3
847839,1,1,GroupA,United States,onsite,5,,5
977963,1,3,GroupA,Canada,remote,4,4.0,5
657561,1,4,GroupA,United States,remote,10,3.0,1
860798,1,1,GroupA,United States,onsite,5,,4
243956,2,2,GroupC,United States,hybrid,11,1.0,2
110101,2,7,GroupA,India,remote,5,5.0,4
